,Unnamed: 0,album,artist,genre,track_name,acousticness,danceability,duration_ms,energy,instrumentalness,key,liveness,loudness,mode,speechiness,tempo,time_signature,valence,mood,track_id,index,energy_level,positivity_level
0,0,Falling,Lina Mayer,Pop,Falling,0.0315,0.447,201385,0.594,1.02e-06,5,0.111,-5.996,1,0.0448,164.05,4,0.521,Sensual,2wYHz0GOHV49Xezd5mWTDP,Sensual,0.0,0.0
1,1,No Tears Left To Cry,Ariana Grande,Pop,No Tears Left To Cry,0.0375,0.703,205947,0.696,5.65e-06,0,0.27399999999999997,-5.482,1,0.0529,121.969,4,0.366,,5SxkdsY1ufZzoq9iXceLw9,,,
2,2,The Middle,Zedd,Pop,The Middle,0.20800000000000002,0.748,184732,0.652,0.0,7,0.128,-3.02,1,0.057999999999999996,106.914,4,0.431,,2ARqIya5NAuvFVHSN3bL0m,,,
3,3,Never Be the Same (Radio Edit),Camila Cabello,Pop,Never Be the Same - Radio Edit,0.156,0.652,227077,0.682,0.00013000000000000002,0,0.121,-4.38,1,0.0788,129.942,4,0.26899999999999996,Yearning,0BlY60NrN0fFWbdW3RW40q,Yearning,0.0,-1.0
4,4,All Your Fault: Pt. 2,Bebe Rexha,Pop,Meant to Be (feat. Florida Georgia Line),0.047,0.643,163870,0.7829999999999999,0.0,10,0.083,-6.457999999999999,1,0.0856,154.084,4,0.579,Sensual,7iDa6hUg2VgEL1o1HjmfBn,Sensual,0.0,0.0
5,5,Finesse (Remix) [feat. Cardi B],Bruno Mars,Pop,Finesse (Remix) [feat. Cardi B],0.0185,0.7040000000000001,217289,0.8590000000000001,0.0,5,0.0215,-4.877,0,0.0996,105.115,4,0.9259999999999999,Cool,3Vo4wInECJQuz9BIBMOu8i,Cool,-1.0,-1.0
6,6,Pray For Me (with Kendrick Lamar),The Weeknd,Pop,Pray For Me (with Kendrick Lamar),0.0805,0.728,211440,0.6679999999999999,1.49e-05,2,0.102,-5.02,1,0.126,100.537,4,0.162,Cool,4ofvoCdXq99vpMZO4Cfp8x,Cool,-1.0,-1.0
7,7,Scary Hours,Drake,Pop,God's Plan,0.0283,0.755,198960,0.44799999999999995,3.28e-05,7,0.514,-9.587,1,0.107,77.179,4,0.318,,6T8cJz5lAqGer9GUHGyelE,,,
8,8,Him & I,G-Eazy,Pop,Him & I,0.0534,0.589,268867,0.731,0.0,2,0.308,-6.343,1,0.0868,87.90799999999999,4,0.191,Cool,3YU6vJbjYUG0tiJyXf9x5V,Cool,-1.0,-1.0
9,9,Perception,NF,Pop,Let You Down,0.33,0.659,212120,0.716,0.0,5,0.17300000000000001,-5.672999999999999,0,0.111,148.015,4,0.43700000000000006,Rowdy,6mrKP2jyIQmM0rw6fQryjr,Rowdy,2.0,1.0
10,10,Dua Lipa (Deluxe),Dua Lipa,Pop,New Rules,0.00256,0.7709999999999999,208827,0.696,9.71e-06,9,0.179,-6.257999999999999,0,0.0755,116.054,4,0.6559999999999999,Sensual,2ekn2ttSfGqwhhate0LSR0,Sensual,0.0,0.0
11,11,÷ (Deluxe),Ed Sheeran,Pop,Perfect,0.163,0.599,263400,0.44799999999999995,0.0,8,0.106,-6.312,1,0.0232,95.05,3,0.168,Empowering,0tgVpDi06FyKpA1z0VMD4v,Empowering,0.0,1.0
12,12,Evolve,Imagine Dragons,Pop,Whatever It Takes,0.0429,0.675,201240,0.649,0.0,1,0.128,-4.953,1,0.0315,134.955,4,0.537,,4IWAyPf1KMq7JCyGeCjTeH,,,
13,13,Red Pill Blues (Deluxe),Maroon 5,Pop,Wait,0.0889,0.659,190643,0.604,0.0,8,0.105,-5.084,1,0.0542,126.135,4,0.40700000000000003,,1Qg9jWGDkKAGZXj5v2OG59,,,
14,14,Mine,Bazzi,Pop,Mine,0.013999999999999999,0.716,133995,0.805,3.1e-06,4,0.29100000000000004,-3.839,1,0.0856,142.886,4,0.7190000000000001,Sensual,6tHWl8ows5JOZq9Yfaqn3M,Sensual,0.0,0.0
15,15,FRIENDS,Marshmello,Pop,FRIENDS,0.205,0.626,202621,0.88,0.0,9,0.128,-2.384,0,0.0504,95.079,4,0.534,Energizing,08bNPGLD8AhKpnnERrAc6G,Energizing,2.0,0.0
16,16,In My Blood,Shawn Mendes,Pop,In My Blood,0.0524,0.628,211600,0.715,0.0,5,0.11900000000000001,-7.097,1,0.0541,139.991,4,0.429,,79jX8RM5CgPqDKdGEKNW9K,,,
17,17,Man of the Woods,Justin Timberlake,Pop,Say Something,0.10300000000000001,0.7070000000000001,278893,0.632,1.09e-05,10,0.0841,-7.031000000000001,1,0.0789,97.04,4,0.37200000000000005,Yearning,1LhMopPAallLeaeNutqbgS,Yearning,0.0,-1.0
18,18,No Excuses,Meghan Trainor,Pop,No Excuses,0.0224,0.8270000000000001,152862,0.6579999999999999,0.0,6,0.0417,-3.846,1,0.0517,115.016,4,0.523,Excited,7fCNUWi6uflDTQ08srxMZk,Excited,2.0,2.0
19,19,I Like Me Better,Lauv,Pop,I Like Me Better,0.535,0.752,197437,0.505,2.55e-06,9,0.10400000000000001,-7.621,1,0.253,91.97,4,0.419,,1wjzFQodRWrPcQ0AnYnvQ9,,,
20,20,All The Stars (with SZA),Kendrick Lamar,Pop,All The Stars (with SZA),0.0322,0.715,235540,0.62,0.0142,5,0.0881,-5.428,0,0.0507,96.81200000000001,4,0.456,Sensual,12SJpYZEdj4kzWZ8FPFg4Y,Sensual,0.0,0.0
21,21,Tell Me You Love Me,Demi Lovato,Pop,Tell Me You Love Me,0.0247,0.516,236987,0.5920000000000001,0.0,3,0.18100000000000002,-5.465,0,0.0566,82.05,4,0.271,Yearning,5Htb1uFQ1KrkFXlefS8oGj,Yearning,0.0,-1.0
22,22,Psycho (feat. Ty Dolla $ign),Post Malone,Pop,Psycho (feat. Ty Dolla $ign),0.59,0.748,220880,0.546,0.0,8,0.11199999999999999,-8.134,1,0.106,140.005,4,0.413,Sensual,7wrDRQgHlvDnimrRHfQZxt,Sensual,0.0,0.0
23,23,IDGAF,Dua Lipa,Pop,IDGAF,0.0433,0.836,218173,0.552,0.0,7,0.0773,-5.66,1,0.0851,97.036,4,0.525,Yearning,5BG3hnp2SmFmoBIs3YTqsm,Yearning,0.0,-1.0
24,24,Want You Back,5 Seconds of Summer,Pop,Want You Back,0.00748,0.608,173073,0.873,0.0,0,0.196,-4.928,1,0.0424,98.009,4,0.589,Excited,2Pvr8rYuh5J8V7QglJhH6W,Excited,2.0,2.0
25,25,reputation,Taylor Swift,Pop,Delicate,0.21600000000000003,0.75,232253,0.40399999999999997,0.000357,9,0.0911,-10.177999999999999,0,0.0682,95.045,4,0.0499,Sensual,7CneiDesUKFJO3Ix01dnfr,Sensual,0.0,0.0
26,26,Flicker (Deluxe),Niall Horan,Pop,On The Loose,0.00745,0.721,223814,0.613,2.55e-06,11,0.125,-7.051,0,0.0332,124.012,4,0.665,,4kVo85bcmBkvMBcJl42XCA,,,
27,27,Alone (Feat. Big Sean & Stefflon Don),Halsey,Pop,Alone (Feat. Big Sean & Stefflon Don),0.0164,0.445,207458,0.662,0.0,2,0.21899999999999997,-4.802,0,0.18100000000000002,200.04,4,0.479,,3tbNT2X5tfMIVeUflYbZUZ,,,
28,28,No Roots,Alice Merton,Pop,No Roots,0.264,0.863,235813,0.657,0.00619,7,0.0713,-7.295,1,0.105,115.958,4,0.8290000000000001,Cool,7anBA0IdgFaN3Pbyk2tog0,Cool,-1.0,-1.0
29,29,Sit Next to Me (Versions),Foster The People,Pop,Sit Next to Me - Radio Edit,0.0865,0.6779999999999999,202600,0.747,0.000174,6,0.147,-5.416,0,0.0289,97.00399999999999,4,0.815,Yearning,3E5NUvTLszM8uymKQ227MP,Yearning,0.0,-1.0
30,30,Trust Fund Baby,Why Don't We,Pop,Trust Fund Baby,0.0629,0.624,184460,0.785,0.0,8,0.135,-3.3369999999999997,1,0.0498,163.929,4,0.593,Sensual,54j7EaJPDmSZYcNYvLSJ78,Sensual,0.0,0.0
31,31,One Kiss (with Dua Lipa),Calvin Harris,Pop,One Kiss (with Dua Lipa),0.037000000000000005,0.7909999999999999,214847,0.862,2.1899999999999997e-05,9,0.0814,-3.24,0,0.11,123.994,4,0.5920000000000001,,7ef4DlsgrMEH11cDZd32M6,,,
32,32,Done For Me (feat. Kehlani),Charlie Puth,Pop,Done For Me (feat. Kehlani),0.17300000000000001,0.8540000000000001,180535,0.627,0.0,6,0.0663,-3.737,0,0.0732,112.00299999999999,4,0.722,Energizing,76S09sHj7GGMJAtOLjmVQ2,Energizing,2.0,0.0
33,33,Everyday,Logic,Pop,Everyday,0.0426,0.675,204827,0.748,0.0,1,0.0785,-3.947,1,0.0388,149.923,4,0.469,,6zOhgKfbMiQWToE6K13s2s,,,
34,34,Sick Boy...Everybody Hates Me,The Chainsmokers,Pop,Everybody Hates Me,0.00836,0.47100000000000003,224027,0.755,0.0,11,0.368,-6.612,0,0.0455,154.80100000000002,4,0.512,Excited,3pIigjAWkzwAonXpJ1fmSF,Excited,2.0,2.0
35,35,Merengue,Kent Jones,Pop,Merengue,0.47,0.7170000000000001,191032,0.8640000000000001,0.0,1,0.147,-3.2310000000000003,1,0.21600000000000003,112.97,4,0.738,Energizing,3EypXSP7JVjtusvnBtAIBo,Energizing,2.0,0.0
36,36,Culture II,Migos,Pop,Stir Fry,0.00316,0.8140000000000001,190288,0.8190000000000001,0.0,2,0.133,-5.48,1,0.251,181.958,4,0.517,Defiant,2tek8UnoiJdkmpPMqa5KRQ,Defiant,2.0,-1.0
37,37,Love Lies (with Normani),Khalid,Pop,Love Lies (with Normani),0.0956,0.708,201707,0.648,0.0,6,0.134,-5.626,1,0.0449,143.955,4,0.33799999999999997,Yearning,45Egmo7icyopuzJN0oMEdk,Yearning,0.0,-1.0
38,38,The Click,AJR,Pop,Sober Up,0.27699999999999997,0.647,218760,0.616,0.0,5,0.0816,-4.948,1,0.0272,93.01899999999999,4,0.79,Yearning,7bXvOMQ3UrcTS1dO9Ppzsg,Yearning,0.0,-1.0
39,39,Sober,G-Eazy,Pop,Sober,0.263,0.5579999999999999,203960,0.7659999999999999,0.0,6,0.32,-5.952999999999999,0,0.231,96.281,4,0.182,Cool,0GOJobsbOSIF99y6CGr5o6,Cool,-1.0,-1.0
40,40,"These Days (feat. Jess Glynne, Macklemore & Dan Caplen)",Rudimental,Pop,"These Days (feat. Jess Glynne, Macklemore & Dan Caplen)",0.19399999999999998,0.653,210773,0.809,0.0,0,0.165,-4.0569999999999995,1,0.0474,92.213,4,0.55,Energizing,5CLGzJsGqhCEECcpnFQA8x,Energizing,2.0,0.0
41,41,Tattoo (How 'Bout You),In Real Life,Pop,Tattoo (How 'Bout You),0.196,0.865,229295,0.591,0.0,0,0.0784,-6.039,1,0.237,109.03,4,0.597,Cool,76bAIHM7qJk1iMDM4WbWoI,Cool,-1.0,-1.0
42,42,Hearts Ain't Gonna Lie (with Jonas Blue),Arlissa,Pop,Hearts Ain't Gonna Lie (with Jonas Blue),0.0864,0.43799999999999994,201264,0.731,0.0,6,0.13,-4.566,0,0.0603,92.958,4,0.466,Sophisticated,1bfPwJtmZdqv6MPY5Wr7eH,Sophisticated,-1.0,0.0
43,43,Damaged Vol. 1,bülow,Pop,Not A Love Song,0.14,0.737,192293,0.523,6.12e-05,7,0.127,-10.25,1,0.0703,91.993,4,0.305,Rowdy,0olvO9l53TxK1j0v4wrC5y,Rowdy,2.0,1.0
44,44,Sky Walker,Miguel,Pop,Sky Walker,0.0876,0.629,260077,0.7170000000000001,0.0,6,0.358,-5.706,1,0.0638,145.959,4,0.129,Brooding,1DRW9bQzt2SE8f7H4KJZyL,Brooding,1.0,-2.0
45,45,Over My Head,Echosmith,Pop,Over My Head,0.0968,0.6559999999999999,208233,0.723,0.0,11,0.34299999999999997,-4.975,0,0.0262,105.04899999999999,4,0.904,,3haxUceS8i97BLoB7WH3Mj,,,
46,46,Pray,Sam Smith,Pop,Pray,0.22399999999999998,0.637,221760,0.44799999999999995,0.0,4,0.0887,-7.968,0,0.0617,87.919,3,0.22399999999999998,Sophisticated,3n3b5WNEohHP7Ou4ndBo6b,Sophisticated,-1.0,0.0
47,47,Freaky Friday (feat. Chris Brown),Lil Dicky,Pop,Freaky Friday (feat. Chris Brown),0.147,0.755,216632,0.599,0.0,8,0.109,-5.042,1,0.22399999999999998,133.123,4,0.755,Sensual,10Igtw8bSDyyFs7KIsKngZ,Sensual,0.0,0.0
48,48,Catch A Body (feat. Quavo),LIVVIA,Pop,Catch A Body (feat. Quavo),0.247,0.716,202309,0.871,0.0,6,0.204,-4.371,0,0.19399999999999998,90.973,4,0.609,Sensual,1D2NjsP1malEdluqvBdMS0,Sensual,0.0,0.0
49,49,BOOMIVERSE,Big Boi,Pop,All Night,0.0567,0.8490000000000001,241898,0.823,0.0,4,0.0855,-4.563,1,0.0441,135.929,4,0.846,Defiant,2Bb3mu3lfUrcRoTi3IcvQc,Defiant,2.0,-1.0
50,50,Make Me Feel,Janelle Monáe,Pop,Make Me Feel,0.122,0.865,194965,0.436,0.0,1,0.155,-5.756,1,0.18600000000000003,115.01899999999999,4,0.629,Defiant,79GsUxLyzxgnN4I1E11dtO,Defiant,2.0,-1.0
51,51,Revival,Eminem,Pop,Nowhere Fast (feat. Kehlani),0.261,0.708,264173,0.7290000000000001,0.0,11,0.0692,-4.621,1,0.188,79.024,4,0.644,Energizing,6Ww0J5EFjiPxkgZpEkRQVN,Energizing,2.0,0.0
52,52,Lights Down Low,MAX,Pop,Lights Down Low,0.0632,0.623,223847,0.493,0.0,5,0.10400000000000001,-7.727,0,0.0338,81.01899999999999,4,0.594,Sensual,5brHijrNA7UAFw74p4f5v3,Sensual,0.0,0.0
53,53,hopeless fountain kingdom (Deluxe),Halsey,Pop,Bad At Love,0.057,0.664,181279,0.753,0.0,0,0.08800000000000001,-3.589,1,0.0323,118.25299999999999,4,0.54,,2TBQoW7s6iwKcg139ssqie,,,
54,54,Havana,Camila Cabello,Pop,Havana,0.18600000000000003,0.768,216897,0.517,3.8e-05,7,0.10400000000000001,-4.323,0,0.0312,104.992,4,0.418,Cool,0ofbQMrRDsUaVKq2mGLEAb,Cool,-1.0,-1.0
55,55,Wolves,Selena Gomez,Pop,Wolves,0.129,0.72,197993,0.807,0.0,11,0.183,-4.59,0,0.0432,124.946,4,0.305,,0tBbt8CrmxbjRP0pueQkyU,,,
56,56,rockstar,Post Malone,Pop,rockstar,0.13,0.5770000000000001,218320,0.522,9.03e-05,5,0.142,-6.593999999999999,0,0.0984,159.77200000000002,4,0.11900000000000001,Sensual,7wGoVu4Dady5GV0Sv4UIsx,Sensual,0.0,0.0
57,57,Sorry Not Sorry,Demi Lovato,Pop,Sorry Not Sorry,0.0252,0.701,203760,0.638,0.0,11,0.256,-6.888999999999999,0,0.23800000000000002,144.084,4,0.868,Energizing,25C5CowdsfXld2jJanbiex,Energizing,2.0,0.0
58,58,How Long,Charlie Puth,Pop,How Long,0.18899999999999997,0.8490000000000001,198237,0.581,3.61e-06,1,0.0805,-5.242999999999999,0,0.0767,110.008,4,0.779,Energizing,32DGGj6KlNuBr6WaqRxpxi,Energizing,2.0,0.0
59,59,Evolve,Imagine Dragons,Pop,Thunder,0.00683,0.6,187147,0.81,0.21,0,0.155,-4.749,1,0.0479,167.88,4,0.298,,0tKcYR2II1VCQWT79i5NrW,,,
60,60,Strip That Down,Liam Payne,Pop,Strip That Down,0.24600000000000002,0.8690000000000001,204502,0.485,0.0,6,0.0765,-5.595,1,0.0545,106.02799999999999,4,0.527,Cool,6EpRaXYhGOB3fj4V2uDkMJ,Cool,-1.0,-1.0
61,61,Attention,Charlie Puth,Pop,Attention,0.0969,0.774,211475,0.626,3.12e-05,3,0.0848,-4.4319999999999995,0,0.0432,100.041,4,0.777,Yearning,4iLqG9SeJSnt0cSPICSjxv,Yearning,0.0,-1.0
62,62,Shape of You,Ed Sheeran,Pop,Shape of You,0.581,0.825,233713,0.652,0.0,1,0.0931,-3.1830000000000003,0,0.0802,95.977,4,0.9309999999999999,Energizing,0FE9t6xYkqWXU2ahLh6D8X,Energizing,2.0,0.0
63,63,Feel It Still,Portugal. The Man,Pop,Feel It Still,0.0406,0.78,163251,0.7979999999999999,6.31e-05,1,0.0733,-5.151,0,0.0613,78.969,4,0.7709999999999999,Cool,7FESgYLcOufHqKlwrvJN60,Cool,-1.0,-1.0
64,64,Illuminate (Deluxe),Shawn Mendes,Pop,There's Nothing Holdin' Me Back,0.381,0.857,199440,0.8,0.0,2,0.0913,-4.035,1,0.0583,121.99600000000001,4,0.966,,79cuOz3SPQTuFrp8WgftAu,,,
65,65,Good Old Days (feat. Kesha),Macklemore,Pop,Good Old Days (feat. Kesha),0.446,0.7120000000000001,240507,0.51,2.46e-05,8,0.11199999999999999,-8.162,1,0.0633,122.964,4,0.268,Yearning,3vGmmVqWM33agHxB19EcAi,Yearning,0.0,-1.0
66,66,Slow Hands,Niall Horan,Pop,Slow Hands,0.0142,0.728,188174,0.426,0.0,0,0.0546,-6.69,1,0.0509,85.90799999999999,4,0.8440000000000001,Cool,167NczpNbRF7oWakJaY3Hh,Cool,-1.0,-1.0
67,67,It Ain't Me (with Selena Gomez),Kygo,Pop,It Ain't Me (with Selena Gomez),0.11900000000000001,0.64,220781,0.5329999999999999,0.0,0,0.0864,-6.596,1,0.0706,99.96799999999999,4,0.515,,3eR23VReFzcdmS7TYCrhCe,,,
68,68,24K Magic,Bruno Mars,Pop,That's What I Like,0.013000000000000001,0.853,206693,0.56,0.0,1,0.0944,-4.961,1,0.0406,134.066,4,0.86,Energizing,0KKkJNfGyhkQ5aFogxQAPU,Energizing,2.0,0.0
69,69,Stay,Zedd,Pop,Stay (with Alessia Cara),0.23199999999999998,0.679,210091,0.634,0.0,5,0.115,-5.024,0,0.0654,102.01299999999999,4,0.498,Sensual,0dA2Mk56wEzDgegdC6R17g,Sensual,0.0,0.0
70,70,Everybody,Logic,Pop,1-800-273-8255,0.568,0.627,250173,0.5720000000000001,1.52e-06,5,0.198,-7.7379999999999995,0,0.0373,100.041,4,0.361,Sophisticated,5aFQU3VPCQ3YGfKBA4tLfj,Sophisticated,-1.0,0.0
71,71,Something Just Like This,The Chainsmokers,Pop,Something Just Like This,0.0306,0.607,247627,0.649,2.46e-05,11,0.174,-6.695,0,0.0362,102.99600000000001,4,0.505,Excited,1dNIEtp7AY3oDAKCGg2XkH,Excited,2.0,2.0
72,72,What Lovers Do (feat. SZA),Maroon 5,Pop,What Lovers Do (feat. SZA),0.0767,0.795,199849,0.608,2.92e-06,5,0.0853,-5.222,0,0.0694,110.001,4,0.386,Cool,4mxWSdf71VFO52qFeY0fZt,Cool,-1.0,-1.0
73,73,Despacito Feat. Justin Bieber (Remix),Luis Fonsi,Pop,Despacito - Remix,0.22899999999999998,0.6940000000000001,228827,0.815,0.0,2,0.0924,-4.328,1,0.12,88.931,4,0.813,Energizing,5CtI0qwDJkDQGwXD1H1cLb,Energizing,2.0,0.0
74,74,"Let Me Go (with Alesso, Florida Georgia Line & watt)",Hailee Steinfeld,Pop,"Let Me Go (with Alesso, Florida Georgia Line & watt)",0.0393,0.659,174800,0.7170000000000001,0.0,8,0.0769,-4.202,1,0.0581,103.036,4,0.71,Excited,5AEtlRudpgdT5FtNiuly6Y,Excited,2.0,2.0
75,75,American Teen,Khalid,Pop,Young Dumb & Broke,0.19899999999999998,0.7979999999999999,202547,0.539,1.66e-05,1,0.165,-6.351,1,0.0421,136.94899999999998,4,0.39399999999999996,Excited,5Z3GHaZ6ec9bsiI5BenrbY,Excited,2.0,2.0
76,76,Closer,The Chainsmokers,Pop,Closer,0.414,0.748,244960,0.524,0.0,8,0.111,-5.599,1,0.0338,95.01,4,0.6609999999999999,Sensual,7BKLCZ1jbUBVqRi2FVlTVw,Sensual,0.0,0.0
77,77,No Promises (feat. Demi Lovato),Cheat Codes,Pop,No Promises (feat. Demi Lovato),0.0575,0.741,223504,0.667,0.0,10,0.106,-5.445,1,0.134,112.956,4,0.595,,1louJpMmzEicAn7lzDalPW,,,
78,78,Evolve,Imagine Dragons,Pop,Believer,0.0524,0.779,204347,0.787,0.0,10,0.14,-4.305,0,0.10800000000000001,124.98200000000001,4,0.708,,0CcQNd8CINkwQfe1RDtGV6,,,
79,79,Encore,DJ Snake,Pop,Let Me Love You,0.0784,0.47600000000000003,205947,0.718,1.0199999999999999e-05,8,0.122,-5.309,1,0.0576,199.864,4,0.142,Fiery,4pdPtRcBmOSQDlJ3Fk945m,Fiery,1.0,0.0
80,80,Know-It-All (Deluxe),Alessia Cara,Pop,Scars To Your Beautiful,0.0298,0.321,230227,0.754,0.0,0,0.11,-5.733,1,0.292,191.768,4,0.413,Urgent,42ydLwx4i5V49RXHOozJZq,Urgent,1.0,-1.0
81,81,Now Or Never,Halsey,Pop,Now Or Never,0.107,0.67,214802,0.585,1.11e-06,6,0.131,-4.861000000000001,0,0.0354,110.03,4,0.447,Sensual,1mDGDb2fUmUMdqV3tb8VKQ,Sensual,0.0,0.0
82,82,Starboy,The Weeknd,Pop,Starboy,0.159,0.68,230467,0.594,2.35e-06,7,0.134,-7.021,1,0.28,186.04,4,0.475,Brooding,7lQqaqZu0vjxzpdATOIsDt,Brooding,1.0,-2.0
83,83,Unforgettable,French Montana,Pop,Unforgettable,0.0293,0.726,233833,0.769,0.0101,6,0.10400000000000001,-5.043,1,0.12300000000000001,97.985,4,0.733,Cool,1F2HXIJrE2Xn81OzT2zZvW,Cool,-1.0,-1.0
84,84,Don't Let Me Down,The Chainsmokers,Pop,Don't Let Me Down,0.157,0.532,208373,0.8690000000000001,0.0050799999999999994,11,0.136,-5.093999999999999,1,0.172,159.803,4,0.42200000000000004,Excited,1i1fxkWeaMmKEB4T7zqbzK,Excited,2.0,2.0
85,85,Cheap Thrills,Sia,Pop,Cheap Thrills,0.0561,0.5920000000000001,224813,0.8,2.01e-06,6,0.0775,-4.931,0,0.215,89.97200000000001,4,0.728,Urgent,6b3b7lILUJqXcp6w9wNQSm,Urgent,1.0,-1.0
86,86,This Is What You Came For,Calvin Harris,Pop,This Is What You Came For,0.19899999999999998,0.63,222160,0.9279999999999999,0.124,9,0.14800000000000002,-2.787,0,0.0331,123.963,4,0.465,Yearning,0azC730Exh71aQlOt9Zj3y,Yearning,0.0,-1.0
87,87,Dangerous Woman,Ariana Grande,Pop,Side To Side,0.0408,0.648,226160,0.738,0.0,6,0.292,-5.882999999999999,0,0.247,159.145,4,0.603,Energizing,4pLwZjInHj3SimIyN9SnOz,Energizing,2.0,0.0
88,88,24K Magic,Bruno Mars,Pop,24K Magic,0.034,0.818,225983,0.8029999999999999,0.0,1,0.153,-4.282,1,0.0797,106.97,4,0.632,Energizing,2gFvRmQiWg9fN9i74Q0aiw,Energizing,2.0,0.0
89,89,I Feel It Coming,The Weeknd,Pop,I Feel It Coming,0.413,0.768,269187,0.8140000000000001,0.0,0,0.0839,-5.91,0,0.151,92.979,4,0.541,Cool,0VeYT2aD9t65JgofFZGpKl,Cool,-1.0,-1.0
90,90,Issues,Julia Michaels,Pop,Issues,0.368,0.6829999999999999,176347,0.42700000000000005,0.0,8,0.0604,-6.827000000000001,1,0.0777,113.634,4,0.426,Sensual,1sXUWdKx03aP9Gmzft58rt,Sensual,0.0,0.0
91,91,Say You Won't Let Go,James Arthur,Pop,Say You Won't Let Go,0.693,0.4,211240,0.564,0.0,10,0.0863,-7.444,1,0.0523,99.26899999999999,4,0.483,Easygoing,1Pw5C4N6Fn5E4mGCxmbbVa,Easygoing,-1.0,2.0
92,92,I'm the One,DJ Khaled,Pop,I'm the One,0.0533,0.599,288877,0.667,0.0,7,0.134,-4.2669999999999995,1,0.0367,80.984,4,0.8170000000000001,Cool,72Q0FQQo32KJloivv5xge2,Cool,-1.0,-1.0
93,93,Rockabye (feat. Sean Paul & Anne-Marie),Clean Bandit,Pop,Rockabye (feat. Sean Paul & Anne-Marie),0.406,0.72,251088,0.763,0.0,9,0.18,-4.0680000000000005,0,0.0523,101.965,4,0.742,Energizing,5knuzwU65gJK7IF5yJsuaW,Energizing,2.0,0.0
94,94,Blurryface,Twenty One Pilots,Pop,Ride,0.00835,0.645,214507,0.713,0.0,6,0.113,-5.355,1,0.0393,74.98899999999999,4,0.5660000000000001,Energizing,2Z8WuEywRWYTKe1NybPQEW,Energizing,2.0,0.0
95,95,Treat You Better,Shawn Mendes,Pop,Treat You Better,0.121,0.45,187973,0.825,0.0,10,0.109,-4.066,0,0.37200000000000005,82.823,4,0.742,Rowdy,53B2XmmjJ9rriW1qciMBeX,Rowdy,2.0,1.0
96,96,"CAN'T STOP THE FEELING! (Original Song from DreamWorks Animation's ""TROLLS"")",Justin Timberlake,Pop,"CAN'T STOP THE FEELING! (Original Song from DreamWorks Animation's ""TROLLS"")",0.0123,0.667,236002,0.83,0.0,0,0.191,-5.715,1,0.0749,113.03,4,0.701,Excited,6JV2JOEocMgcZxYSZelKcc,Excited,2.0,2.0
97,97,Paris,The Chainsmokers,Pop,Paris,0.0243,0.6459999999999999,221520,0.644,0.0,2,0.0888,-6.763,1,0.031,99.999,4,0.251,Sensual,15vzANxN8G9wWfwAJLLMCg,Sensual,0.0,0.0
98,98,Wild Thoughts,DJ Khaled,Pop,Wild Thoughts,0.0287,0.613,204664,0.6809999999999999,0.0,8,0.126,-3.089,1,0.0778,97.62100000000001,4,0.619,Sensual,4IIUaKqGMElZ3rGtuvYlNc,Sensual,0.0,0.0
99,99,One Dance,Drake,Pop,One Dance,0.008020000000000001,0.7709999999999999,173975,0.629,0.00252,1,0.35600000000000004,-5.79,1,0.0511,103.91799999999999,4,0.36200000000000004,Energizing,0JoaFxLgrqbWutREzcZBzS,Energizing,2.0,0.0
100,0,Piece Of Me,Bullet For My Valentine,Metal,Piece Of Me,0.0070599999999999994,0.447,206007,0.9420000000000001,0.0,1,0.0693,-4.561,1,0.0722,138.775,4,0.198,,7uODYAQGgOU21nSxkjafmV,,,
101,1,Prey,Parkway Drive,Metal,Prey,3.28e-05,0.27,255231,0.9640000000000001,0.0247,6,0.525,-4.545,1,0.0866,99.73100000000001,3,0.325,Aggressive,6aPDAyrtj011Mzjg9NK0tT,Aggressive,2.0,-2.0
102,2,Fen of Shadows,Skeletonwitch,Metal,Fen of Shadows,7.22e-06,0.379,478507,0.898,0.469,4,0.484,-4.955,0,0.0674,140.041,4,0.0696,Defiant,0xGsgz7zJJwy2kNb3LEe1D,Defiant,2.0,-1.0
103,3,Country Heroes,DevilDriver,Metal,Country Heroes,5.5100000000000004e-05,0.336,221920,0.87,0.32899999999999996,9,0.0531,-4.893,1,0.0873,130.127,4,0.0439,,5akgD0VyDme6NGXi57DfqP,,,
104,4,Lives,Daron Malakian and Scars On Broadway,Metal,Lives,0.0102,0.527,245428,0.9470000000000001,0.0,0,0.163,-1.975,0,0.0399,142.05700000000002,4,0.489,,6jl3XQPqTMd5d9etAp7kJ2,,,
105,5,Medicated,Sevendust,Metal,Medicated,8.070000000000001e-05,0.47700000000000004,209052,0.925,0.0,10,0.314,-5.218999999999999,0,0.158,140.009,4,0.264,,3Arp7lY86WpQMnrHLXRv6M,,,
106,6,Rats,Ghost,Metal,Rats,6.11e-06,0.522,261573,0.9440000000000001,0.48200000000000004,2,0.135,-5.731,0,0.0936,124.029,4,0.23600000000000002,Urgent,5zuY71mWmwarLSzzJHygP2,Urgent,1.0,-1.0
107,7,When Legends Rise,Godsmack,Metal,When Legends Rise,0.000277,0.43700000000000006,172826,0.907,6e-06,4,0.0994,-4.284,0,0.245,124.03299999999999,4,0.47700000000000004,Defiant,6wt1Y7oZoOPXTsG2calurz,Defiant,2.0,-1.0
108,8,Old Fashioned,Madball,Metal,Old Fashioned,4.2e-05,0.494,130907,0.9940000000000001,6.69e-05,6,0.19,-4.77,0,0.0511,92.546,4,0.45799999999999996,,50zwsMOQ19FNmUMtqBMzyf,,,
109,9,Sham Pain,Five Finger Death Punch,Metal,Sham Pain,0.000176,0.5539999999999999,209703,0.938,2.8999999999999998e-06,11,0.147,-4.901,0,0.0532,96.5,4,0.4,,03HyPRDdAwvkovBE6XubBC,,,
110,10,Kerosene,Burn The Priest,Metal,Kerosene,3.6200000000000006e-05,0.436,372804,0.975,0.344,1,0.39,-5.395,0,0.14300000000000002,199.976,4,0.262,,5MwRlODXZXo2AuPvMAgiY5,,,
111,11,Big Tings,Skindred,Metal,Machine,0.000175,0.45399999999999996,212020,0.972,0.0006450000000000001,7,0.23800000000000002,-2.7880000000000003,1,0.0999,145.971,4,0.47700000000000004,Aggressive,1HquAMQ1212Fzp2zBvHlVI,Aggressive,2.0,-2.0
112,12,Persevere,Sink The Ship,Metal,Nail Biter,1.58e-05,0.41,213333,0.9940000000000001,0.0,9,0.0918,-3.958,0,0.156,135.035,4,0.0813,Defiant,3RzyghmdGPDn6NeEXamC2v,Defiant,2.0,-1.0
113,13,House of Doom,Candlemass,Metal,House of Doom,0.00035,0.21100000000000002,381413,0.9159999999999999,0.0137,6,0.10800000000000001,-6.242000000000001,0,0.0638,105.965,3,0.149,Aggressive,0MLniYYTnLHcSKytBjR0jj,Aggressive,2.0,-2.0
114,14,Dropout,Pallbearer,Metal,Dropout,0.000407,0.317,314994,0.894,0.0283,2,0.0813,-5.957999999999999,1,0.069,130.30100000000002,4,0.375,,1PaejblOMlnQiMUUn85DBF,,,
115,15,Waste,Zeal & Ardor,Metal,Waste,5.22e-05,0.147,199347,0.799,0.845,0,0.252,-5.877000000000001,1,0.0756,162.785,4,0.0933,,3nPjOr3fbBHzsHNCWnEBC7,,,
116,16,Shadowlands,Mos Generator,Metal,Shadowlands,0.000685,0.375,274560,0.9690000000000001,0.00147,5,0.196,-5.727,0,0.0723,144.329,4,0.6759999999999999,Rowdy,7lxPjFRAPmlVkHD6ded89T,Rowdy,2.0,1.0
117,17,Loyal to the Soil,Wolf King,Metal,Hail the Ash,2.2899999999999998e-05,0.34299999999999997,272500,0.963,0.87,0,0.163,-4.709,1,0.0911,180.06099999999998,4,0.10800000000000001,Aggressive,5EqVCH2hex0pQHiO0FH9bX,Aggressive,2.0,-2.0
118,18,Werwolf,Marduk,Metal,Werwolf,2.02e-05,0.41200000000000003,122880,0.995,9.209999999999999e-05,9,0.245,-5.359,1,0.0905,155.012,4,0.183,,7IoJyfqqHtm6Sq6PPMKilD,,,
119,19,Daggers of Black Haze,At The Gates,Metal,Daggers of Black Haze,7.35e-06,0.11599999999999999,283529,0.914,0.775,4,0.128,-6.4639999999999995,0,0.0524,169.623,4,0.271,Aggressive,57n95eCpLXKEc6ww9Q2PKR,Aggressive,2.0,-2.0
120,20,Shades Ablaze,Aura Noir,Metal,Shades Ablaze,5.44e-06,0.158,176165,0.998,0.253,6,0.35700000000000004,-3.8569999999999998,0,0.17600000000000002,138.528,4,0.0328,,77CdUFrya4BKSHyNQRjsmA,,,
121,21,Party Monster,Siamese,Metal,Party Monster,0.007490000000000001,0.597,173419,0.866,5.62e-06,4,0.0881,-6.574,0,0.059000000000000004,154.996,4,0.672,,7iV1VkQhsPrI2h9mPQYDfm,,,
122,22,A Meditation Upon Death,Nonexist,Metal,A Meditation Upon Death,1.13e-06,0.105,347538,0.884,0.863,7,0.452,-8.288,1,0.0632,177.732,4,0.22699999999999998,,0rw4O9dcTXWYNygvsBHnab,,,
123,23,Lechery,Nekrokraft,Metal,Lechery,1.33e-06,0.16399999999999998,314440,0.938,0.214,5,0.159,-5.476,1,0.102,112.516,3,0.0437,Aggressive,4Tkz6tlWzQckC7Prr4Q0m6,Aggressive,2.0,-2.0
124,24,A Grotesque Reflection,Light This City,Metal,A Grotesque Reflection,6.36e-06,0.445,208873,0.98,0.23199999999999998,10,0.11199999999999999,-4.36,0,0.114,102.432,4,0.0997,,750WF02D3eoxYwCesfsweY,,,
125,25,Grave Condition,Blood Tsunami,Metal,Allegory of the Cave,3.73e-05,0.41,177627,0.993,0.32799999999999996,3,0.0779,-3.8310000000000004,1,0.10300000000000001,92.625,4,0.301,,6rii5E2Smr3EUf3an3vrAg,,,
126,26,Hand of the Divine,The Agony Scene,Metal,Hand of the Divine,1.9e-06,0.193,211392,0.986,0.821,2,0.08800000000000001,-3.9,1,0.0904,95.094,1,0.195,,3A6czTc03gZxTDMVNEVjpa,,,
127,27,Sons Of Salem,Orange Goblin,Metal,Sons Of Salem,4.92e-06,0.374,180013,0.902,0.7829999999999999,0,0.0899,-5.303999999999999,0,0.10400000000000001,107.59100000000001,4,0.618,,2jHJZPMCFUVaYnQBOUiNcU,,,
128,28,Chaos Theory and Practice,Alkaloid,Metal,Chaos Theory and Practice,0.00139,0.252,511011,0.9620000000000001,4.77e-06,2,0.42100000000000004,-5.522,0,0.23800000000000002,112.15299999999999,3,0.201,Aggressive,4XDC57xHtx1kfJuxnbeipB,Aggressive,2.0,-2.0
129,29,Faux Pharaoh,Lucifer,Metal,Faux Pharaoh,0.0495,0.16399999999999998,325613,0.789,2.56e-05,9,0.20600000000000002,-6.604,1,0.0738,144.59799999999998,4,0.319,,73fRKpP43h62djNE8wJF2t,,,
130,30,Hatred Index,Witch Casket,Metal,Hatred Index,1.85e-05,0.475,257200,0.978,0.6679999999999999,6,0.132,-5.502999999999999,1,0.113,116.06700000000001,4,0.205,,1nqxKuZulR8ZfqRtRh4h2X,,,
131,31,Fire Up,Verni,Metal,Fire Up,0.000599,0.527,240707,0.9940000000000001,0.00010400000000000001,2,0.0714,-2.285,1,0.0898,101.98299999999999,4,0.449,,5iJrCtmkmNNiLLZra5X7YL,,,
132,32,With Man in Charge,Violation Wound,Metal,Dangerous Idiot,1.7e-06,0.17300000000000001,140813,0.983,0.00128,1,0.355,-3.8930000000000002,1,0.14800000000000002,185.172,4,0.214,Aggressive,4kEU9JYj1UsUhXTI3nVgiH,Aggressive,2.0,-2.0
133,33,The Spark That Moves,Cancer Bats,Metal,Gatekeeper,1.17e-05,0.205,167280,0.977,0.012,5,0.34600000000000003,-4.18,0,0.204,140.36700000000002,4,0.149,,7aM5GAbVs78BODFqKh6TJV,,,
134,34,Eat The Elephant,A Perfect Circle,Metal,"So Long, And Thanks For All The Fish",0.00144,0.5,266093,0.873,0.0613,2,0.0715,-3.8689999999999998,1,0.0369,130.048,4,0.325,,4R5kwDx0ryIMiK2PKqbNVY,,,
135,35,Celebration of the Twisted,LIK,Metal,Celebration of the Twisted,1.47e-06,0.184,236500,0.992,0.3,0,0.0547,-4.696000000000001,1,0.14,150.037,4,0.126,Defiant,7knHTs6yKuh51o2t2wyYWL,Defiant,2.0,-1.0
136,36,False Flags Volume Two,Bad Wolves,Metal,No Masters,4.05e-05,0.495,233095,0.9490000000000001,0.0016699999999999998,5,0.32799999999999996,-4.797,0,0.054000000000000006,95.959,4,0.501,,59X92CQE0hfvAYG0dwUXdo,,,
137,37,All Light Swallowed,Fragments Of Unbecoming,Metal,All Light Swallowed,3.71e-05,0.43799999999999994,265787,0.972,0.0071400000000000005,1,0.076,-4.408,1,0.127,120.04799999999999,4,0.11199999999999999,,3TdSHpP4nLe3YTvqud4fnt,,,
138,38,Take You With Me,Tremonti,Metal,Take You With Me,3.01e-06,0.33299999999999996,259538,0.965,5.2e-06,4,0.259,-3.955,1,0.20600000000000002,180.09900000000002,4,0.424,,67svM7lM1q4KOKL2B96oeM,,,
139,39,The Level Above Human,Ingested,Metal,Invidious,0.000118,0.301,258246,0.981,4.08e-06,9,0.0629,-4.121,1,0.175,134.922,4,0.129,Aggressive,0FFI8kPrtI1bWTLyOsLxzi,Aggressive,2.0,-2.0
140,40,Black Flame,Bury Tomorrow,Metal,Black Flame - Single Edit,5.6999999999999996e-05,0.376,233964,0.982,5.41e-06,5,0.16,-3.779,0,0.0625,148.92600000000002,4,0.15,,6REc2Tq4G2RW5zKXtusTLF,,,
141,41,Väsen,Grá,Metal,Till sörjerskorna,1.7199999999999998e-05,0.313,248000,0.9309999999999999,0.00845,3,0.149,-9.296,0,0.0517,172.975,4,0.0796,Aggressive,6thwH4yVycrUyzaBWEWqRj,Aggressive,2.0,-2.0
142,42,Family Tree,Black Stone Cherry,Metal,Burnin',4.270000000000001e-05,0.56,208747,0.917,0.00576,6,0.111,-3.014,1,0.0402,115.94200000000001,4,0.6920000000000001,,6tdsMsJFhPLnithLHopS9w,,,
143,43,Father's Son,LIMBS,Metal,Father's Son,0.0017399999999999998,0.44,225442,0.9640000000000001,4.39e-06,8,0.10099999999999999,-4.185,1,0.146,119.926,4,0.147,,30e77p13tVKfY1mVV2bQbs,,,
144,44,The Future,From Ashes to New,Metal,Broken,0.0009539999999999999,0.526,200311,0.903,8.4e-05,2,0.111,-4.59,0,0.0444,144.017,4,0.45,Defiant,5Cl9GDb0AyQnppRr6q7ldb,Defiant,2.0,-1.0
145,45,Run with the Pack,Issa,Metal,Sacrifice Me,0.000164,0.23800000000000002,245982,0.741,1.14e-06,4,0.0963,-6.797999999999999,0,0.0398,187.767,4,0.415,,3jB905z3Niu90ooF1bu3IN,,,
146,46,Lifestyle,TRC,Metal,Moaner,8.82e-05,0.504,189714,0.922,0.0,1,0.344,-3.4819999999999998,1,0.14,169.963,4,0.327,Energizing,4zobz1X0Sv4NVgsbZy6jpu,Energizing,2.0,0.0
147,47,Addict,Heruin,Metal,Addict,1.8100000000000003e-05,0.426,216917,0.9620000000000001,2.64e-06,9,0.379,-3.452,1,0.0799,74.997,4,0.579,,44GqJ6L6QTZYJHIHeqWzCn,,,
148,48,Sikiö,Turmion Kätilöt,Metal,Sikiö,0.0030800000000000003,0.47600000000000003,235933,0.9940000000000001,0.0,9,0.743,-5.5889999999999995,1,0.0643,82.524,4,0.619,,0JoXth1ZKFcO7HkKCqsw1i,,,
149,49,Farewell,Angelus Apatrida,Metal,Farewell,7.780000000000001e-05,0.544,384627,0.9420000000000001,0.0281,1,0.10099999999999999,-3.517,1,0.0448,119.99700000000001,4,0.42200000000000004,,4YFJUov19mCjCkyHRNl4vD,,,
150,50,Surrogate,The Raven Age,Metal,Surrogate,9.120000000000001e-05,0.513,261000,0.883,0.00141,3,0.326,-4.093,0,0.0457,119.975,4,0.253,Brooding,1NuxmVm3NykaYADimgML7v,Brooding,1.0,-2.0
151,51,Hate Me,Beneath The Silence,Metal,Hate Me,0.000118,0.44,289753,0.958,1.62e-05,8,0.392,-4.907,1,0.147,148.024,4,0.324,,7HlkctL4RBmW3EAtP9wkye,,,
152,52,Wrong Direction,Amorphis,Metal,Wrong Direction,0.00433,0.484,309132,0.976,0.0251,9,0.183,-4.604,0,0.0747,130.082,4,0.254,,2BYxHRTEpSJyhwzluZLqpA,,,
153,53,Let Me Love You,Kobra And The Lotus,Metal,Let Me Love You,1.27e-05,0.424,271600,0.981,0.009609999999999999,5,0.0897,-4.23,1,0.0541,153.042,4,0.5920000000000001,Defiant,7zIgtuQhXpWim5nAXDZcgi,Defiant,2.0,-1.0
154,54,Holding My Breath,Alien Weaponry,Metal,Holding My Breath,0.000156,0.474,274311,0.94,0.00899,7,0.0667,-6.428999999999999,1,0.141,174.953,4,0.456,Aggressive,5rKNYYab1xRvERXBJ0wb0o,Aggressive,2.0,-2.0
155,55,Circle of Anger,Sandberg,Metal,Circle of Anger,0.00621,0.177,239750,0.899,0.0009220000000000001,1,0.129,-6.522,1,0.0553,60.001999999999995,4,0.46399999999999997,,6KXCrRVtuWbPms6DgE2cUu,,,
156,56,Krokodil,Heave Blood & Die,Metal,Krokodil,3.82e-05,0.129,246644,0.799,0.68,5,0.10300000000000001,-6.735,1,0.0582,89.462,3,0.335,,34H4FAZ801AXdF9zpVsxqZ,,,
157,57,My Midnight Things,Lizzy Borden,Metal,My Midnight Things,0.000236,0.45,261378,0.9390000000000001,0.0,0,0.18600000000000003,-3.4739999999999998,0,0.0979,149.97299999999998,4,0.281,,6VDQFrgoZmTR0nKVCFXMtc,,,
158,58,Isolation,Khemmis,Metal,Isolation,6.5000000000000004e-06,0.263,288021,0.943,0.000258,10,0.147,-4.19,0,0.0454,115.056,4,0.462,,1begpAd1sFGCVXxqg9zszQ,,,
159,59,Fearless,Gus G.,Metal,Letting Go,0.000127,0.439,250400,0.934,0.0104,5,0.16,-5.093999999999999,0,0.10300000000000001,162.048,4,0.495,Aggressive,5ei4t0Agr7hUFzIzQj7SOt,Aggressive,2.0,-2.0
160,60,Chemical Solution,Odd Palace,Metal,Chemical Solution,5.2900000000000005e-05,0.555,240000,0.7979999999999999,0.000755,6,0.184,-6.356,0,0.0364,138.026,4,0.40299999999999997,,3J7DjOGqwhzdOyQt4zXUzF,,,
161,61,Survive Sunrise - Single,ASG,Metal,Survive Sunrise,0.000324,0.147,207318,0.682,0.879,5,0.128,-8.325,1,0.0458,101.544,4,0.11900000000000001,Yearning,60AxESWxEK77yFQ9DGeOFQ,Yearning,0.0,-1.0
162,62,700 Club,Fiends,Metal,700 Club,1.25e-05,0.29100000000000004,328409,0.978,0.433,10,0.327,-3.179,1,0.156,129.55200000000002,4,0.223,Rowdy,6dz8HsRysVXdeMRjgsLOfK,Rowdy,2.0,1.0
163,63,Sonder,TesseracT,Metal,Juno,0.00629,0.584,312789,0.898,0.0102,5,0.139,-6.352,0,0.0477,108.009,3,0.26,Urgent,0AtM8eGmS8imRoJ9Y4La4E,Urgent,1.0,-1.0
164,64,Ember,Breaking Benjamin,Metal,Torn in Two,8.640000000000001e-05,0.42,257453,0.9420000000000001,0.0183,8,0.109,-3.6260000000000003,1,0.19,94.51299999999999,4,0.361,Defiant,3e07PcEvFRAE21NIOuNFZ0,Defiant,2.0,-1.0
165,65,A Dying Machine,Tremonti,Metal,A Dying Machine,5.8599999999999995e-05,0.461,378607,0.96,4.66e-05,1,0.27899999999999997,-4.656000000000001,0,0.0866,145.05700000000002,3,0.309,,1Nsc2kfss1hl9bE2t3hzYo,,,
166,66,Honeycomb,Deafheaven,Metal,Honeycomb,3.07e-05,0.225,664440,0.9620000000000001,0.79,2,0.106,-5.2139999999999995,1,0.105,142.621,4,0.114,,5rm8qWqgvsTMDlREekSiCw,,,
167,67,Scars,LANDMVRKS,Metal,Scars,1.89e-05,0.431,252923,0.973,0.000185,6,0.0726,-2.9810000000000003,0,0.0913,130.07399999999998,4,0.213,,5qgEK0SeIuMikzMvQjOp0M,,,
168,68,The Screen - Single,YOB,Metal,The Screen,0.0134,0.615,589833,0.6659999999999999,0.102,2,0.0764,-6.75,0,0.0363,126.15299999999999,3,0.531,,3c1E6jJ5G8tfNP4dckfLqb,,,
169,69,Your Tongue's Got the Cat,Lordi,Metal,Your Tongue's Got the Cat,7.57e-05,0.521,285898,0.925,6.43e-06,11,0.128,-5.566,0,0.0318,130.076,4,0.32299999999999995,Defiant,3iACOkH9sYQkQZciP9MmSY,Defiant,2.0,-1.0
170,70,Torn Apart,Of Virtue,Metal,Torn Apart,0.000183,0.332,241333,0.981,0.000995,8,0.0975,-2.7939999999999996,1,0.212,180.187,4,0.25,Aggressive,5ufKbkbMS7a5WE9dfFyTjo,Aggressive,2.0,-2.0
171,71,Confessions,GroundCulture,Metal,Confessions,0.000118,0.301,146493,0.9740000000000001,1.38e-06,7,0.0543,-3.293,1,0.10300000000000001,160.116,4,0.188,Cool,16QLpYVMQplYAwiIJMvLWp,Cool,-1.0,-1.0
172,72,Ignite,VENUES,Metal,Ignite,0.0158,0.43,256374,0.972,8.23e-06,11,0.0952,-4.2589999999999995,0,0.17600000000000002,147.616,4,0.312,Yearning,6PAhL3p8jSgNtDDPVp4nc0,Yearning,0.0,-1.0
173,73,Era,Bleed From Within,Metal,Alive,0.00014099999999999998,0.305,285493,0.973,5.51e-06,4,0.301,-3.466,1,0.109,151.213,4,0.177,Aggressive,6pz5cIbHc2Hygoad3qUeGM,Aggressive,2.0,-2.0
174,74,Silent Killer,Mustasch,Metal,Libertà,7.11e-05,0.484,234933,0.948,0.000365,5,0.348,-4.542,1,0.0698,139.95,4,0.154,Aggressive,5jLm8MS0pkMrsyR0KdDKz5,Aggressive,2.0,-2.0
175,75,Palo,Kalmah,Metal,The Evil Kin,6.159999999999999e-05,0.423,255240,0.985,0.8170000000000001,6,0.12,-5.48,1,0.0928,147.989,4,0.28300000000000003,Aggressive,1lIdudjAtcX2Va1IfflkMF,Aggressive,2.0,-2.0
176,76,Where Owls Know My Name,Rivers of Nihil,Metal,The Silent Life,2.37e-05,0.43700000000000006,394578,0.9159999999999999,0.8,1,0.306,-6.515,0,0.0657,99.995,4,0.255,Defiant,4iDQzPpa7FJ1RYfIGdH49e,Defiant,2.0,-1.0
177,77,Lose Yourself,Sharks In Your Mouth,Metal,Lose Yourself,0.00227,0.39799999999999996,309241,0.847,0.0,2,0.105,-4.234,1,0.0816,171.032,4,0.147,,3YYz8UgH5wK8JzUg0N7vM6,,,
178,78,Guillotine,Kataklysm,Metal,Guillotine,4.74e-06,0.47200000000000003,176009,0.983,0.000813,4,0.19899999999999998,-3.595,1,0.0894,115.035,4,0.225,Aggressive,13fQMd0ey4iIf0dNcGtgfV,Aggressive,2.0,-2.0
179,79,Event Horizon,Deceptic,Metal,Event Horizon,0.0069299999999999995,0.381,225829,0.95,1.67e-06,7,0.0677,-6.744,1,0.106,199.916,4,0.231,Urgent,1vG7ktxMRX1GAEqxATnhiI,Urgent,1.0,-1.0
180,0,beerbongs & bentleys,Post Malone,Rap,Spoil My Night,0.337,0.669,194560,0.675,1.4999999999999999e-05,1,0.109,-2.8689999999999998,1,0.0337,160.911,4,0.262,,5VuxWXbt7XENQCtE9TzpTv,,,
181,1,Nice For What,Drake,Rap,Nice For What,0.0934,0.5670000000000001,210926,0.9129999999999999,0.000124,8,0.114,-6.471,1,0.0736,93.35,4,0.792,,1cTZMwcBJT0Ka3UJPXOeeN,,,
182,2,KOD,J. Cole,Rap,KOD,0.21,0.831,191437,0.782,0.0,0,0.113,-6.274,1,0.15,141.869,4,0.19899999999999998,,7yotKA30dwTKNEGomV9ZsI,,,
183,3,Look Alive (feat. Drake),BlocBoy JB,Rap,Look Alive (feat. Drake),0.0010400000000000001,0.922,181263,0.581,5.8599999999999995e-05,10,0.105,-7.495,1,0.27,140.02200000000002,4,0.595,Defiant,4qKcDkK6siZ7Jp1Jb4m0aL,Defiant,2.0,-1.0
184,4,1942,G-Eazy,Rap,1942,0.0152,0.8170000000000001,213080,0.6459999999999999,0.0,4,0.125,-5.12,0,0.249,162.898,4,0.835,,794QVQtFNy7hvtjQP1keQd,,,
185,5,Culture II,Migos,Rap,Walk It Talk It,0.0739,0.909,276147,0.628,0.0,2,0.10800000000000001,-5.456,1,0.201,145.905,4,0.406,Sensual,6n4U3TlzUGhdSFbUUhTvLP,Sensual,0.0,0.0
186,6,2 Vaults (feat. Lil Yachty),Tee Grizzley,Rap,2 Vaults (feat. Lil Yachty),0.264,0.9209999999999999,210000,0.586,0.0,8,0.11900000000000001,-7.77,1,0.406,96.042,4,0.657,Defiant,0KmgnnbSO6Iqye27Rdtv13,Defiant,2.0,-1.0
187,7,JAPAN,Famous Dex,Rap,JAPAN,0.121,0.733,144149,0.6779999999999999,0.0,6,0.345,-7.771,1,0.439,175.984,4,0.841,Cool,4lTiuD1DwBKo4L7wqMkD7C,Cool,-1.0,-1.0
188,8,Plug Walk,Rich The Kid,Rap,Plug Walk,0.22399999999999998,0.882,175511,0.503,0.0,11,0.10800000000000001,-6.617999999999999,1,0.179,95.01100000000001,4,0.17600000000000002,Sensual,0gD6lWJhbXHWNVwQziSVvl,Sensual,0.0,0.0
189,9,Esskeetit,Lil Pump,Rap,Esskeetit,0.022000000000000002,0.932,181714,0.506,0.0,11,0.0933,-7.755,1,0.161,139.974,4,0.696,,44KKhCyI0BGS6LvVyDqJtH,,,
190,10,Powerglide (feat. Juicy J),Rae Sremmurd,Rap,Powerglide (feat. Juicy J),0.0149,0.7120000000000001,332301,0.8290000000000001,0.0,1,0.122,-4.707,0,0.141,173.953,4,0.593,,2yUbCEiaolfSMluDo9RMmG,,,
191,11,KOD,J. Cole,Rap,Motiv8,0.135,0.8690000000000001,133922,0.385,0.0,4,0.0931,-7.801,1,0.297,149.89700000000002,4,0.596,,1AT4xjNarTswd0UZ5FlmKF,,,
192,12,Without Warning,Offset,Rap,Ric Flair Drip (& Metro Boomin),0.149,0.88,172800,0.428,5.07e-05,9,0.114,-8.28,1,0.20600000000000002,100.007,4,0.33299999999999996,Sensual,7sO5G9EABYOXQKNPNiE9NR,Sensual,0.0,0.0
193,13,SAD!,XXXTENTACION,Rap,SAD!,0.258,0.74,166568,0.613,0.00372,8,0.12300000000000001,-4.88,1,0.145,75.023,4,0.473,Sensual,35ieKju5aLWFN5UgfJ27mL,Sensual,0.0,0.0
194,14,Pineapple (feat. Gucci Mane & Quavo),Ty Dolla $ign,Rap,Pineapple (feat. Gucci Mane & Quavo),0.0301,0.9640000000000001,218261,0.555,0.000567,5,0.128,-6.245,0,0.0499,130.017,4,0.33799999999999997,,0TFVOjSvPTjFHkiZZekK5k,,,
195,15,420 Freestyle,Wiz Khalifa,Rap,420 Freestyle,0.00627,0.9229999999999999,215172,0.647,0.0,5,0.0855,-5.69,0,0.0715,145.006,4,0.536,,3gbN8NCqagIB9JO567Nw5C,,,
196,16,Creeping (feat. Rich the Kid),Lil Skies,Rap,Creeping (feat. Rich the Kid),0.0108,0.7290000000000001,179831,0.687,0.0,8,0.162,-8.06,0,0.25,160.085,4,0.6829999999999999,,7ms3VzLTfr7fXNOqA4Mkx9,,,
197,17,Scary Hours,Drake,Rap,God's Plan,0.0244,0.753,198960,0.45399999999999996,5.6200000000000004e-05,7,0.498,-9.488,1,0.0963,77.17,4,0.344,,2XW4DbS6NddZxRPm5rMCeY,,,
198,18,KOD,J. Cole,Rap,ATM,0.115,0.7190000000000001,216727,0.49700000000000005,0.0,8,0.0898,-7.6610000000000005,1,0.6809999999999999,81.65100000000001,4,0.345,,2UciqgwVDwro0fev3MFbxJ,,,
199,19,Psycho (feat. Ty Dolla $ign),Post Malone,Rap,Psycho (feat. Ty Dolla $ign),0.5660000000000001,0.74,220880,0.5579999999999999,0.0,8,0.11199999999999999,-8.115,1,0.102,140.05700000000002,4,0.42100000000000004,Sensual,65NwOZqoXny4JxqAPlfxRF,Sensual,0.0,0.0
200,20,Guatemala (feat. Slim Jxmmi),Swae Lee,Rap,Guatemala (feat. Slim Jxmmi),0.185,0.8490000000000001,256341,0.6990000000000001,0.00118,4,0.0954,-5.193,0,0.0574,100.98899999999999,4,0.0778,,6sTDhYVVXU3HSDuG7mBLRU,,,
201,21,Aries (YuGo) Part 2 (with Rae Sremmurd & Big Sean feat. Quavo & Pharrell),Mike WiLL Made-It,Rap,Aries (YuGo) Part 2 (with Rae Sremmurd & Big Sean feat. Quavo & Pharrell),0.128,0.871,273087,0.552,0.0,4,0.272,-4.953,0,0.0509,141.97299999999998,4,0.27,,5NkfVQS8BkceRgoSQwcW6H,,,
202,22,Who Run It (Remix),G Herbo,Rap,Who Run It (Remix) [Feat. Lil Uzi Vert],0.0412,0.669,263343,0.809,0.0,6,0.37799999999999995,-5.718,0,0.29600000000000004,159.364,4,0.605,,36fmvm49vZC9VM5X2DQJVe,,,
203,23,Diamond Teeth Samurai,YoungBoy Never Broke Again,Rap,Diamond Teeth Samurai,0.00451,0.799,162488,0.659,0.0,10,0.13,-5.593,0,0.272,177.957,4,0.256,Excited,3tdGYraExDxOA5js4hVRbA,Excited,2.0,2.0
204,24,Chun-Li,Nicki Minaj,Rap,Chun-Li,0.307,0.643,191606,0.7659999999999999,1.3800000000000002e-05,6,0.107,-4.788,0,0.384,97.09200000000001,4,0.46299999999999997,,2gTYVoQCUh0QNUaFix01ld,,,
205,25,Bad Company,A$AP Rocky,Rap,Bad Company,0.0679,0.9009999999999999,183809,0.529,0.0,8,0.536,-7.94,1,0.413,144.941,4,0.34299999999999997,,3ZYwSDF9knZI0RVlKR4PHC,,,
206,26,TOTAL XANARCHY,Lil Xan,Rap,Slingshot,0.0562,0.9279999999999999,89973,0.778,6.27e-06,7,0.129,-6.962000000000001,0,0.252,122.99799999999999,4,0.6679999999999999,,5J3LR9JWrZIUTG7UGZkIKg,,,
207,27,Hear No Evil,Young Thug,Rap,Anybody (feat. Nicki Minaj),0.0381,0.9009999999999999,254947,0.47200000000000003,0.0,11,0.11,-8.416,0,0.19399999999999998,120.0,4,0.479,,5I30ByMf5nhgbSokY1EZiN,,,
208,28,"King's Dead (with Kendrick Lamar, Future & James Blake)",Jay Rock,Rap,"King's Dead (with Kendrick Lamar, Future & James Blake)",0.000874,0.563,229670,0.7170000000000001,0.0,1,0.183,-5.186,1,0.337,82.064,4,0.42700000000000005,Defiant,51rXHuKN8Loc4sUlKPODgH,Defiant,2.0,-1.0
209,29,Outside Today,YoungBoy Never Broke Again,Rap,Outside Today,0.26,0.838,128908,0.6759999999999999,0.0,11,0.105,-5.521,0,0.0682,134.054,4,0.146,Excited,5Qx9hngUBr30JFrNua7yp4,Excited,2.0,2.0
210,30,Life of a Dark Rose,Lil Skies,Rap,Red Roses (feat. Landon Cube),0.547,0.691,262544,0.6829999999999999,0.0,0,0.221,-7.335,1,0.0954,140.002,4,0.456,Yearning,3ZhTT6yjZwpPph5MIJ53XY,Yearning,0.0,-1.0
211,31,A$AP Forever,A$AP Rocky,Rap,A$AP Forever,0.22399999999999998,0.469,233061,0.78,0.0,10,0.13,-6.49,0,0.122,125.999,4,0.444,,1YmF9PvLhIISIANoMLIYGq,,,
212,32,The World Is Yours,Rich The Kid,Rap,End Of Discussion (feat. Lil Wayne),0.17600000000000002,0.784,236944,0.58,0.0,0,0.0979,-6.656000000000001,1,0.16699999999999998,76.484,4,0.33799999999999997,Cool,0qFX9pVJQB4lBMxRoFXqGr,Cool,-1.0,-1.0
213,33,Bounce Out With That,YBN Nahmir,Rap,Bounce Out With That,0.037000000000000005,0.865,97202,0.652,0.0,8,0.0925,-8.218,1,0.105,94.946,4,0.37200000000000005,,5lZsh9Qf7CbHI9Fcc7Zcsq,,,
214,34,123 (with Murda Beatz),Smokepurpp,Rap,123 (with Murda Beatz),0.196,0.88,170000,0.61,0.0,9,0.105,-5.257000000000001,1,0.402,135.993,4,0.38299999999999995,Cool,2xCzUIQwX5Y3wEFJnHoc3J,Cool,-1.0,-1.0
215,35,Black Panther The Album Music From And Inspired By,SOB X RBE,Rap,Paramedic!,0.155,0.8590000000000001,219307,0.6509999999999999,0.0,1,0.14,-5.395,1,0.124,97.053,4,0.48700000000000004,,2tPcTFiQF9MbVUyjZ3zDhA,,,
216,36,KOLORBLIND,DJ Esco,Rap,Chek,0.19899999999999998,0.879,202861,0.617,0.0,1,0.264,-6.332999999999999,1,0.254,144.399,4,0.345,,5SGYanjZguKYg5PgVzFsvR,,,
217,37,We Don't Luv Em (Remix),HoodRich Pablo Juan,Rap,We Don't Luv Em (Remix),0.293,0.8959999999999999,193776,0.615,0.0,6,0.122,-9.326,0,0.326,140.04,4,0.89,Cool,2Y43TDqgnRgVZA7RxtxEV1,Cool,-1.0,-1.0
218,38,Maintain,Belly,Rap,Maintain,0.33299999999999996,0.878,216240,0.62,0.0,2,0.391,-5.485,1,0.11199999999999999,133.02700000000002,4,0.218,,1k9B8MqhGKbVV3dTpwUxn5,,,
219,39,Barbie Tingz,Nicki Minaj,Rap,Barbie Tingz,0.0849,0.917,191700,0.6890000000000001,0.0,6,0.603,-6.225,1,0.264,102.414,4,0.44299999999999995,,2qsQ8eVDPmobZpvDxQCVQu,,,
220,40,Chanel (feat. Swae Lee & Pharrell),Slim Jxmmi,Rap,Chanel (feat. Swae Lee & Pharrell),0.0055,0.98,264001,0.713,0.0,5,0.106,-4.98,1,0.0468,125.03,4,0.67,,5D0YYVfsYxLmcrVAfoBPxR,,,
221,41,Invasion of Privacy,Cardi B,Rap,Bickenhead,0.154,0.884,181624,0.8140000000000001,1.67e-06,7,0.158,-5.332999999999999,1,0.303,155.938,4,0.907,,17Yq72h0p15OhCbZ5lJ5gd,,,
222,42,Rover 2.0 (feat. 21 Savage),BlocBoy JB,Rap,Rover 2.0,0.18899999999999997,0.914,275872,0.7809999999999999,0.0,9,0.126,-5.4670000000000005,0,0.302,140.09,4,0.8059999999999999,,7sB2rmolvEt77KFPCraSNc,,,
223,43,MEMORIES DON'T DIE,Tory Lanez,Rap,B.I.D,0.102,0.757,164133,0.6940000000000001,0.0,10,0.0893,-5.638999999999999,0,0.0942,154.969,4,0.544,Cool,6dnrppGRbt8fie18Lcd9Dd,Cool,-1.0,-1.0
224,44,The Play Don’t Care Who Makes It,2 Chainz,Rap,PROUD,0.738,0.7809999999999999,234667,0.81,0.0,10,0.14400000000000002,-4.301,0,0.35600000000000004,173.949,4,0.9079999999999999,Cool,365wwIjijQdlRJEjUWTidq,Cool,-1.0,-1.0
225,45,Suu Whoop,YG,Rap,Suu Whoop,0.0326,0.799,185200,0.325,3.53e-05,2,0.114,-9.91,1,0.506,157.966,4,0.233,Other,1pWeQDyW5ieMmfjr8HP5TU,,,
226,46,Lil Boat 2,Lil Yachty,Rap,66,0.0455,0.667,153475,0.723,0.00017900000000000001,5,0.213,-4.31,0,0.27,148.05700000000002,4,0.251,Excited,6tarvNiKnEjYMj1VZhlDqR,Excited,2.0,2.0
227,47,Top Off,DJ Khaled,Rap,Top Off,0.0107,0.573,230713,0.591,0.0,11,0.455,-6.715,0,0.331,86.721,5,0.23199999999999998,Defiant,1W6wxOOYyJyyok8fqYSZ3m,Defiant,2.0,-1.0
228,48,OKRA,"Tyler, The Creator",Rap,OKRA,0.0456,0.589,151027,0.57,1.51e-06,1,0.13699999999999998,-9.54,1,0.361,136.203,4,0.441,,74ZovzRxHBvCq5yIwe8boh,,,
229,49,Solitaire (feat. Migos & Lil Yachty),Gucci Mane,Rap,Solitaire (feat. Migos & Lil Yachty),0.0271,0.8109999999999999,139130,0.54,0.0,11,0.106,-7.977,0,0.32899999999999996,138.016,4,0.436,Defiant,3DxZfFYJLwKDJtUwnLEhkL,Defiant,2.0,-1.0
230,0,This One's for You,Luke Combs,Country,One Number Away,0.00585,0.544,221800,0.7809999999999999,0.0,6,0.191,-6.16,0,0.0311,144.075,4,0.527,,4gB7HrYHbJVJ5RFOjxmoq4,,,
231,1,Hooked,Dylan Scott,Country,Hooked,0.0362,0.597,149293,0.721,0.0,9,0.0832,-6.422000000000001,1,0.0356,132.054,4,0.43700000000000006,Cool,6LF5IVPG7xBcvPgI6Bfcsl,Cool,-1.0,-1.0
232,2,Babe,Sugarland,Country,Babe,0.0187,0.535,215107,0.777,1.62e-06,4,0.136,-3.292,1,0.207,171.72,4,0.664,,5FNeJveCmVB2TPDbIYqK0M,,,
233,3,Something 'Bout You,Sir Rosevelt,Country,Something 'Bout You,0.18899999999999997,0.6920000000000001,160107,0.6920000000000001,0.0,2,0.0884,-6.065,1,0.0818,153.255,4,0.75,Yearning,6QkObBYNxVVUYt4FSpnTqY,Yearning,0.0,-1.0
234,4,Jake Owen,Jake Owen,Country,I Was Jack (You Were Diane),0.102,0.603,188013,0.872,0.0,6,0.0505,-3.563,1,0.0487,94.008,4,0.594,Yearning,52K3RIVDetSuZPzcTmIVoY,Yearning,0.0,-1.0
235,5,Life Changes,Thomas Rhett,Country,Leave Right Now,0.006509999999999999,0.474,195667,0.583,0.0,4,0.128,-7.093,1,0.0469,148.05100000000002,4,0.366,Empowering,0wyja8xD9cNhDtfuY0dVMP,Empowering,0.0,1.0
236,6,Never Be the Same (feat. Kane Brown),Camila Cabello,Country,Never Be the Same (feat. Kane Brown),0.23800000000000002,0.6,225539,0.6709999999999999,0.0,0,0.16399999999999998,-4.875,1,0.0893,129.782,4,0.25,,0xk4woi8ENN8VWFDZTcF8h,,,
237,7,Up Down (Feat. Florida Georgia Line),Morgan Wallen,Country,Up Down (Feat. Florida Georgia Line),0.0913,0.59,196240,0.8809999999999999,0.0,6,0.157,-2.898,1,0.0349,129.928,4,0.7340000000000001,Cool,3LhzpgimYSZhTx5KuchwVX,Cool,-1.0,-1.0
238,8,Dear Life,High Valley,Country,She's With Me,0.0285,0.599,180302,0.9309999999999999,0.0,11,0.102,-3.662,1,0.0517,111.012,4,0.7879999999999999,Empowering,2p2cCrOaNrIOLk5ArtlHy6,Empowering,0.0,1.0
239,9,"Woman, Amen",Dierks Bentley,Country,"Woman, Amen",0.00101,0.563,180243,0.772,1.95e-05,5,0.214,-6.737,1,0.0593,119.90899999999999,4,0.39399999999999996,Defiant,4YX7OBp0yoMwC6eZNNg5ky,Defiant,2.0,-1.0
240,10,Break Up in the End,Cole Swindell,Country,Break Up in the End,0.456,0.51,199436,0.386,0.0,1,0.252,-8.391,1,0.0307,86.36,4,0.266,Empowering,7uVkYr8gxcPEgqohvynpdN,Empowering,0.0,1.0
241,11,Speakers,Brandon Lay,Country,"Speakers, Bleachers And Preachers",0.302,0.603,192920,0.625,0.0,6,0.141,-6.563,1,0.0258,96.02,4,0.6509999999999999,Empowering,0Is6MRHWKe7y2xIxDkvO6l,Empowering,0.0,1.0
242,12,Rearview Town,Jason Aldean,Country,Rearview Town,0.023,0.526,184173,0.85,0.0,10,0.0948,-4.47,0,0.0313,141.97299999999998,4,0.33799999999999997,Empowering,3yHTTHbT058Ow0favhZO38,Empowering,0.0,1.0
243,13,reputation,Taylor Swift,Country,Delicate,0.228,0.745,232253,0.41,0.000383,9,0.0906,-10.212,0,0.0779,95.022,4,0.0596,Sensual,6NFyWDv5CjfwuzoCkw47Xf,Sensual,0.0,0.0
244,14,Life Changes,Thomas Rhett,Country,Unforgettable,0.032,0.6629999999999999,157080,0.738,0.000225,7,0.0856,-5.48,1,0.0303,130.02,4,0.825,Upbeat,30MM5jWpUmOxtTNd9Ey5LZ,Upbeat,0.0,2.0
245,15,Parallel Line,Keith Urban,Country,Parallel Line,0.204,0.617,253084,0.48200000000000004,0.0,0,0.21600000000000003,-5.121,1,0.0322,81.73,4,0.508,Empowering,6W4DY8jGf8POlFsMQhR2E6,Empowering,0.0,1.0
246,16,Mabelle - EP,Seth Ennis,Country,Look At You,0.042,0.687,195418,0.625,0.0,1,0.151,-6.942,0,0.0284,104.027,4,0.866,Sensual,7AK5vh1cRnO3YxAjOjL4Yy,Sensual,0.0,0.0
247,17,This One's for You,Luke Combs,Country,Be Careful What You Wish For,0.0106,0.501,175493,0.8759999999999999,0.0,3,0.135,-4.792,1,0.0404,159.025,4,0.6809999999999999,,5gfK6bZFaApxdSHsHXrwPD,,,
248,18,Austin Burke,Austin Burke,Country,Whole Lot in Love,0.353,0.7909999999999999,166787,0.715,0.0,7,0.115,-5.809,1,0.0377,112.027,4,0.593,,5H4YGepZNnPhnOHA9vZSEP,,,
249,19,Kiss Somebody,Morgan Evans,Country,Kiss Somebody,0.14300000000000002,0.49200000000000005,212445,0.6809999999999999,0.0,6,0.19899999999999998,-7.037999999999999,1,0.075,178.01,4,0.511,Empowering,1mJMD1VIQ7jWTP9DK2zmY0,Empowering,0.0,1.0
250,20,The Long Way,Brett Eldredge,Country,The Long Way,0.265,0.488,208653,0.637,0.0,10,0.106,-7.63,1,0.0401,88.87200000000001,4,0.23,Yearning,1KTLLe980WR4RLKg74Ud6e,Yearning,0.0,-1.0
251,21,Shoot Me Straight (Radio Edit),Brothers Osborne,Country,Shoot Me Straight - Radio Edit,0.007659999999999999,0.636,207053,0.784,1.07e-05,2,0.0806,-6.01,1,0.0454,96.99600000000001,4,0.613,Rowdy,0ya80Qhw7hgeJp2L6zvxcj,Rowdy,2.0,1.0
252,22,Famous,Mason Ramsey,Country,Famous,0.708,0.534,192520,0.815,0.0,5,0.111,-2.815,1,0.0278,159.84799999999998,4,0.564,,2HGymMoOdB4ZYv0AAqYmgF,,,
253,23,You Make It Easy,Jason Aldean,Country,You Make It Easy,0.14300000000000002,0.375,196800,0.574,0.0,7,0.11,-5.305,1,0.0315,132.025,3,0.406,Empowering,2ZxTjs4EdJl4Y9YByIiNoo,Empowering,0.0,1.0
254,24,This One's for You,Luke Combs,Country,When It Rains It Pours,0.013000000000000001,0.551,240760,0.8009999999999999,6.03e-06,6,0.265,-5.069,1,0.0303,128.02700000000002,4,0.625,,1mMLMZYXkMueg65jRRWG1l,,,
255,25,Eyes On You,Chase Rice,Country,Eyes On You,0.32299999999999995,0.606,182493,0.652,0.0,9,0.201,-6.982,1,0.0281,97.155,4,0.47600000000000003,Yearning,2u7Nm46dAujcAi5Rw79CJL,Yearning,0.0,-1.0
256,26,Cry Pretty,Carrie Underwood,Country,Cry Pretty,0.00495,0.35100000000000003,246467,0.736,0.0,6,0.109,-3.318,1,0.0459,140.299,3,0.237,,47gqRMoIkFm7Rac86xZVh7,,,
257,27,Say Something,Justin Timberlake,Country,Say Something,0.10300000000000001,0.7070000000000001,278893,0.632,1.09e-05,10,0.0841,-7.031000000000001,1,0.0789,97.04,4,0.37200000000000005,Yearning,09ts3GnICqYEU5PkQCpJK3,Yearning,0.0,-1.0
258,28,Happens Like That,Granger Smith,Country,Happens Like That,0.18899999999999997,0.557,171493,0.807,0.0,7,0.23399999999999999,-5.428,1,0.0825,81.045,4,0.578,Yearning,5Zx1zVpDJsNgyY3HvNfsfC,Yearning,0.0,-1.0
259,29,Hallelujah Nights,LANCO,Country,Born to Love You,0.13,0.659,230013,0.902,9.449999999999999e-05,7,0.0574,-6.192,1,0.0296,124.985,4,0.809,Yearning,77a5Eu7lC3tG0Sukt2O91U,Yearning,0.0,-1.0
260,30,Keeper of the Flame (Radio Edit),Miranda Lambert,Country,Keeper of the Flame - Radio Edit,0.303,0.631,219945,0.662,6.18e-06,6,0.17,-6.392,1,0.0326,116.56299999999999,4,0.268,,6Hey64wSB5r98RMd4ozzsy,,,
261,31,Slower,Filmore,Country,Slower,0.107,0.687,172534,0.75,3.05e-06,11,0.161,-4.537,1,0.0965,98.98700000000001,4,0.9109999999999999,Yearning,7M1PQZeyqslVtY5ZiYBGLo,Yearning,0.0,-1.0
262,32,Losing Sleep,Chris Young,Country,Hangin' On,0.0651,0.434,185440,0.831,0.0,8,0.11900000000000001,-4.774,1,0.0453,156.034,4,0.596,Yearning,6CyJlVAEFlNdpggOLanytL,Yearning,0.0,-1.0
263,33,Caught Up In The Country,Rodney Atkins,Country,Caught Up In The Country,0.00719,0.564,160991,0.904,0.0,7,0.528,-3.8080000000000003,1,0.0582,124.102,4,0.637,Aggressive,2BgunkkepMPFpArQj1Dx5s,Aggressive,2.0,-2.0
264,34,Golden Hour,Kacey Musgraves,Country,Butterflies,0.252,0.6890000000000001,219053,0.614,1.95e-05,4,0.17800000000000002,-6.1370000000000005,0,0.0306,141.97,4,0.41100000000000003,,30VHURM5NOfoZmqp2iKawS,,,
265,35,All On Me,Devin Dawson,Country,All On Me,0.14400000000000002,0.631,227573,0.6579999999999999,0.0,5,0.22,-5.313,1,0.0281,80.99600000000001,4,0.7,,2Nc8Imt04W3ZmcBF8dPQKc,,,
266,36,Yours,Russell Dickerson,Country,Yours,0.11900000000000001,0.555,216960,0.722,0.0,11,0.0861,-6.005,1,0.034,134.058,4,0.5589999999999999,Yearning,6RSNKGdv3nDTHqgw4bdzyF,Yearning,0.0,-1.0
267,37,Hello Beautiful,Noah Schnacky,Country,Hello Beautiful,0.54,0.504,216993,0.47200000000000003,0.0,9,0.306,-6.925,1,0.0404,73.521,4,0.313,Yearning,4pYd8dIohiqc3KsxSRqf0w,Yearning,0.0,-1.0
268,38,Life Changes,Thomas Rhett,Country,Life Changes,0.105,0.687,190227,0.8420000000000001,0.0,7,0.0436,-4.382,1,0.057999999999999996,87.96799999999999,4,0.778,Yearning,4Vxu50qVrQcycjRyJQaZLC,Yearning,0.0,-1.0
269,39,Texoma Shore,Blake Shelton,Country,I Lived It,0.47600000000000003,0.557,219600,0.5710000000000001,0.00114,10,0.10099999999999999,-8.106,1,0.0281,80.98100000000001,4,0.392,Empowering,5slddJ629YcePvqD6Uyk8r,Empowering,0.0,1.0
270,40,Coming Home,Keith Urban,Country,Coming Home,0.204,0.384,214728,0.705,4.66e-06,4,0.0686,-6.949,1,0.243,89.572,4,0.522,Yearning,7qLE35vc5XvUVrm8Kg9Vmx,Yearning,0.0,-1.0
271,41,Kane Brown (Deluxe Edition),Kane Brown,Country,Heaven,0.263,0.677,179507,0.556,0.0,9,0.105,-6.544,1,0.0306,80.009,4,0.521,,1HXy5I3HTWq8OvxCn0z7G7,,,
272,42,Current Mood,Dustin Lynch,Country,I'd Be Jealous Too,0.0896,0.716,185707,0.718,0.0,0,0.473,-5.355,1,0.0293,100.934,4,0.537,Empowering,7rdK9NSJIRBZAiXC0vuBS9,Empowering,0.0,1.0
273,43,Heart Break,Lady Antebellum,Country,Heart Break,0.0486,0.512,188293,0.88,1.4499999999999998e-05,2,0.313,-5.47,1,0.0369,167.979,4,0.696,Upbeat,3YZ5TNGA10oTLaADq4zuNV,Upbeat,0.0,2.0
274,44,Written in the Sand,Old Dominion,Country,Written in the Sand,0.593,0.725,184080,0.43700000000000006,0.0,6,0.0842,-9.602,1,0.0575,83.985,4,0.759,,6usHXaTn54uwwozmH00d3X,,,
275,45,Tequila,Dan + Shay,Country,Tequila,0.0292,0.474,195987,0.594,0.0,11,0.133,-5.756,1,0.0289,86.131,4,0.503,Sophisticated,7Il2yWQmsqKgSkLQvHTPUI,Sophisticated,-1.0,0.0
276,46,Life Changes,Thomas Rhett,Country,Marry Me,0.113,0.588,205453,0.408,0.0,3,0.13,-8.662,1,0.0237,85.008,4,0.484,Empowering,0OWZFobGSIW9GrSlQ9C5pc,Empowering,0.0,1.0
277,48,Mitchell Tenpenny - EP,Mitchell Tenpenny,Country,Drunk Me,0.201,0.386,213024,0.799,0.0,2,0.10300000000000001,-3.7889999999999997,1,0.0555,86.333,4,0.391,Yearning,3N2AIfVOq6NiTcWHIP4Oco,Yearning,0.0,-1.0
278,49,Unapologetically,Kelsea Ballerini,Country,I Hate Love Songs,0.252,0.384,191187,0.446,0.0,11,0.185,-7.807,1,0.0299,180.18099999999998,3,0.39899999999999997,Empowering,4Bzs0eTQVVJxBSz4ljzics,Empowering,0.0,1.0
279,50,Singles You Up,Jordan Davis,Country,Singles You Up,0.0441,0.489,182693,0.9,0.0,7,0.247,-3.563,1,0.0488,200.054,4,0.611,Excited,3IPkbTA8KkdDXyWtGkfFXa,Excited,2.0,2.0
280,51,Take Back Home Girl (Feat. Tori Kelly),Chris Lane,Country,Take Back Home Girl (Feat. Tori Kelly),0.368,0.494,211427,0.78,0.0,11,0.0921,-3.825,1,0.064,159.708,4,0.664,,2gVBXeTjwL0ZEh9gjsQjk0,,,
281,52,Get Along,Kenny Chesney,Country,Get Along,0.0997,0.602,199627,0.805,0.0,7,0.172,-6.079,1,0.0473,92.40100000000001,4,0.322,,2ZFrEp20VO25BXYhMxh0GW,,,
282,53,Josh Mirenda,Josh Mirenda,Country,I Got You,0.081,0.49,170440,0.88,0.0,7,0.10300000000000001,-5.185,1,0.0731,91.93,4,0.493,,1dbRZljBhUrIFrpLTXOXqq,,,
283,54,California Sunrise,Jon Pardi,Country,She Ain't In It,0.12300000000000001,0.56,198467,0.679,2.46e-05,5,0.22399999999999998,-4.527,1,0.0236,92.928,4,0.622,Yearning,1Be8liECvEP5NYZjYvukbI,Yearning,0.0,-1.0
284,55,What Makes You Country,Luke Bryan,Country,Most People Are Good,0.174,0.5820000000000001,221801,0.728,0.0,8,0.139,-6.151,1,0.0292,150.013,4,0.537,Empowering,79LAFAkR1ATb4iIQvZuCL0,Empowering,0.0,1.0
285,0,The Gap of Dreams,Altan,Acoustic,Port Alex,0.86,0.606,142252,0.23199999999999998,0.812,7,0.11699999999999999,-18.124000000000002,1,0.0929,177.822,4,0.6409999999999999,,5OPoGFel9ubOb09aQT55yw,,,
286,1,Don't Let Me Down,Joy Williams,Acoustic,Don't Let Me Down (Instrumental),0.9940000000000001,0.7020000000000001,180419,0.0466,0.97,11,0.091,-22.9,1,0.0676,132.039,4,0.132,Sentimental,18RRTF9SbEOM9h3aoMKeNc,Sentimental,-2.0,0.0
287,2,"Bob Marley: No Woman, No Cry (Arr. Cello)",Sheku Kanneh-Mason,Acoustic,"No Woman, No Cry (Arr. Cello)",0.98,0.285,146019,0.0227,0.146,2,0.11699999999999999,-27.430999999999997,1,0.0556,79.85600000000001,4,0.20600000000000002,Romantic,1JUkO4vVk4LcvwP9sWBBRM,Romantic,-1.0,1.0
288,3,Spotify Singles,Lindsey Stirling,Acoustic,7 Years (Acoustic) - Recorded at Spotify Studios Nyc,0.736,0.366,147427,0.493,0.00045700000000000005,10,0.106,-7.414,1,0.0503,116.031,4,0.306,Sensual,1VK5JYdgrJZENDl1taa2cS,Sensual,0.0,0.0
289,4,Young Folks,City of the Sun,Acoustic,Young Folks,0.7959999999999999,0.731,284286,0.48200000000000004,0.945,0,0.0788,-10.770999999999999,1,0.0291,125.999,4,0.225,Urgent,2R5k6cUbYlhJfZGO1erVMV,Urgent,1.0,-1.0
290,5,Blossom,Alan Gogoll,Acoustic,Chime,0.516,0.55,106286,0.327,0.8190000000000001,1,0.115,-22.131,1,0.0441,121.806,4,0.713,,3Zb3SXZdtyNA0Cdq0DWLeC,,,
291,6,Shake It Off: Instrumental Guitar Covers of Pop Hits,Steve Petrunak,Acoustic,Chandelier (Instrumental Version),0.9590000000000001,0.375,213109,0.414,0.898,1,0.102,-7.26,1,0.0476,84.79299999999999,4,0.376,Romantic,1HVLmKLkPyFbfO4IyLksG7,Romantic,-1.0,1.0
292,7,Acoustic Chart Hits On Guitar (A Smooth Session),The Man on Guitar,Acoustic,Am I Wrong - Acoustic Guitar Version,0.672,0.828,183967,0.37200000000000005,0.877,1,0.109,-10.967,0,0.0909,121.027,4,0.569,Peaceful,4DQPbY5zjuRKDndrswinwP,Peaceful,-2.0,2.0
293,8,Aetherlight (Instrumental Version),Mt. Wolf,Acoustic,Tucana - Instrumental,0.6559999999999999,0.648,156360,0.39899999999999997,0.7979999999999999,4,0.0901,-13.197000000000001,1,0.0418,84.064,4,0.151,Melancholy,31W8L9o3Tr4c2QdIwQ98Wz,Melancholy,-2.0,-1.0
294,9,Current Pop Hits: Instrumental Versions,The O'Neill Brothers Group,Acoustic,Little Talks (Instrumental Version),0.9209999999999999,0.705,217417,0.258,0.943,1,0.127,-11.161,1,0.0363,101.96700000000001,4,0.239,Easygoing,6BkxPaEx2a10JGV4364hCh,Easygoing,-1.0,2.0
295,10,Acoustic Chart Hits On Guitar (A Smooth Session),The Man on Guitar,Acoustic,Rather Be - Acoustic Guitar Version,0.812,0.79,230000,0.569,0.899,8,0.0975,-6.117000000000001,0,0.0554,122.04,4,0.435,Peaceful,5m9DeYXRRC7w6sWJdZ6qz7,Peaceful,-2.0,2.0
296,11,"Wake Me Up When Its All Over (AVICII, Aloe Blacc, Rihanna, Avicci Covers)",Gavin Mikhail,Acoustic,Stay (Instrumental),0.995,0.6709999999999999,242473,0.46,0.951,9,0.129,-13.887,0,0.0489,112.00299999999999,4,0.775,,2WbkiKZxUoXd3ByUrUaRZo,,,
297,12,"Piano Covers, Vol 6: Starboy",Niko Kotoulas,Acoustic,Starboy,0.9570000000000001,0.257,252187,0.474,0.856,9,0.125,-10.698,0,0.0352,93.589,4,0.24100000000000002,,6waC3wIDE2P3iS14uHzdp5,,,
298,13,Apologize an Acoustic Tribute to One Republic,Will Taylor and Strings Attached,Acoustic,Apologize an Acoustic Tribute to One Republic,0.922,0.478,170630,0.29600000000000004,0.8540000000000001,9,0.11199999999999999,-14.341,0,0.0513,135.31799999999998,4,0.253,Sensual,0fP8S6WD9NBX3KzGJpLfkC,Sensual,0.0,0.0
299,14,Current Pop Hits: Instrumental Versions,The O'Neill Brothers Group,Acoustic,Young & Beautiful (Instrumental Version),0.987,0.49700000000000005,223478,0.174,0.917,11,0.147,-14.468,0,0.0332,115.485,4,0.128,Melancholy,1ZqYhYRDzSuuIypKZXaFZT,Melancholy,-2.0,-1.0
300,15,Skinny Love,David Fischbein,Acoustic,Skinny Love,0.9890000000000001,0.505,253567,0.028999999999999998,0.895,6,0.0989,-22.933000000000003,1,0.040999999999999995,66.014,4,0.114,Excited,2qhsUyXlhgQUfFNSR6ayuS,Excited,2.0,2.0
301,16,Let Her Go,David Fischbein,Acoustic,Let Her Go,0.9890000000000001,0.257,192727,0.0317,0.9440000000000001,8,0.16,-23.03,1,0.0424,205.50599999999997,4,0.268,Somber,2fIVdzd4JW4HnwzqrvCysf,Somber,-2.0,-2.0
302,17,Zoukelele,Jon Sanders,Acoustic,Wolf Whistle (feat. Dave Alley & Dave Khan),0.895,0.746,243960,0.126,0.42700000000000005,7,0.0947,-13.982000000000001,1,0.0488,106.825,4,0.44799999999999995,,35BrErF6VAIne3YqPfyvDh,,,
303,18,Novö Piano,Maxence Cyrin,Acoustic,Crazy in Love,0.937,0.233,232160,0.3,0.8959999999999999,2,0.105,-15.242,0,0.035,170.81599999999997,4,0.034,Somber,6fh2YS29IrmW1yCHMlTDTM,Somber,-2.0,-2.0
304,19,I Will Wait For You (Mumford & Sons Covers),Gavin Mikhail,Acoustic,I Will Wait (Instrumental),0.973,0.43799999999999994,275628,0.52,0.88,1,0.115,-9.908,1,0.0412,133.03799999999998,4,0.192,,6ku8wWIPgkVW21HSQk6tjH,,,
305,20,"The Collection, Volume 4",David Sides,Acoustic,Chasing Cars,0.9890000000000001,0.526,272363,0.24600000000000002,0.9009999999999999,9,0.0972,-23.915,1,0.0436,99.977,4,0.191,Peaceful,4rY9mVRJWkb1zi7poObces,Peaceful,-2.0,2.0
306,21,Shake It Off: Instrumental Guitar Covers of Pop Hits,Steve Petrunak,Acoustic,Rude (Instrumental Version),0.9420000000000001,0.7170000000000001,221751,0.518,0.85,1,0.139,-6.539,1,0.0447,143.779,4,0.627,Easygoing,3MRrI9xd9mkxLFWCFcwmAb,Easygoing,-1.0,2.0
307,22,"The Collection, Volume 4",David Sides,Acoustic,Viva La Vida,0.9590000000000001,0.657,244020,0.32299999999999995,0.7759999999999999,5,0.11,-17.188,0,0.0453,137.0,4,0.301,Melancholy,0EF2bRraxKDVqEDSg7OKYJ,Melancholy,-2.0,-1.0
308,23,Shake It Off: Instrumental Guitar Covers of Pop Hits,Steve Petrunak,Acoustic,Maps (Instrumental Version),0.981,0.736,190573,0.534,0.866,1,0.198,-7.926,0,0.0705,119.95,4,0.696,Melancholy,3CK264UGtEvPpbvVEadVIP,Melancholy,-2.0,-1.0
309,24,Westworld: Season 1 (Selections from the HBO® Series),Ramin Djawadi,Acoustic,No Surprises,0.9390000000000001,0.753,242520,0.327,0.8220000000000001,5,0.0829,-14.524000000000001,1,0.0672,139.987,4,0.552,Sentimental,2EqLuzLRumAUy1A90UV2rz,Sentimental,-2.0,0.0
310,25,"Piano Covers, Vol. 4",The Theorist,Acoustic,Hotline Bling (Piano Arrangement),0.98,0.425,232229,0.226,0.915,5,0.0961,-16.979,1,0.0412,125.398,4,0.0663,,7hrWRhCCAE7kBfVBkXLEdT,,,
311,26,Shake It Off: Instrumental Guitar Covers of Pop Hits,Steve Petrunak,Acoustic,Cool Kids (Instrumental Version),0.909,0.7609999999999999,242505,0.469,0.8640000000000001,8,0.13,-7.6739999999999995,1,0.0558,130.076,4,0.5539999999999999,Easygoing,3AEV3hR5adfBog5CLhsWVS,Easygoing,-1.0,2.0
312,27,Finest Selection of Acoustic Guitar Hits,The Man on Guitar,Acoustic,Prayer in C - Acoustic Guitar Version,0.128,0.8859999999999999,203522,0.43,0.879,0,0.0604,-12.155999999999999,1,0.11800000000000001,122.999,4,0.37799999999999995,Sensual,0ATgOdkIvNNgpTnZJQp4Ck,Sensual,0.0,0.0
313,28,Deadeye,The Ballroom Thieves,Acoustic,La Mer Peu Profonde,0.833,0.5429999999999999,60387,0.14800000000000002,0.8809999999999999,5,0.11,-17.457,1,0.0693,134.084,4,0.42100000000000004,Melancholy,0qlwfXNM5YTxYzLMtZuTym,Melancholy,-2.0,-1.0
314,29,"Wake Me Up When Its All Over (AVICII, Aloe Blacc, Rihanna, Avicci Covers)",Gavin Mikhail,Acoustic,Wake Me Up (Instrumental),0.983,0.256,260551,0.395,0.872,8,0.174,-12.036,1,0.054000000000000006,178.171,3,0.151,,6JIViGhL0pnDwDNlWqUmyz,,,
315,30,Game of Thrones Medley,2Cellos,Acoustic,Game of Thrones Medley,0.934,0.11900000000000001,304227,0.594,0.91,5,0.105,-9.736,0,0.0565,84.566,4,0.147,,0LLK7yaku9bb3QAuf3py93,,,
316,31,The Guitar Covers,Ely Jaffe,Acoustic,Coming Home,0.32299999999999995,0.537,167868,0.514,0.000113,11,0.0869,-6.247000000000001,0,0.0524,136.545,4,0.462,,4uEWUbAmN8CY8GwGEfVFTv,,,
317,32,Shake It Off: Instrumental Guitar Covers of Pop Hits,Steve Petrunak,Acoustic,Habits (Stay High) [Instrumental Version],0.9109999999999999,0.738,209925,0.547,0.89,5,0.11199999999999999,-8.592,1,0.0468,110.015,4,0.22,Sentimental,16MH7WjEbCNGzH9PrIMgfi,Sentimental,-2.0,0.0
318,33,Ukulele Surf Style (Acoustic Style Covers),The Smooth Day Sessions,Acoustic,The Lazy Song,0.799,0.7120000000000001,192836,0.48100000000000004,0.83,11,0.0835,-12.395999999999999,1,0.0938,174.96099999999998,4,0.747,Easygoing,2QI0djAPzksbQQiQZH5vqU,Easygoing,-1.0,2.0
319,34,Wrecking Ball,Bernard Dubicki,Acoustic,Wrecking Ball,0.993,0.401,260576,0.0652,0.917,9,0.10300000000000001,-22.219,1,0.0476,199.585,4,0.157,Defiant,602bRvSIzuRyPUllVvhwUA,Defiant,2.0,-1.0
320,35,All of Me (Piano Cover),Ellen Courtois,Acoustic,All of Me,0.968,0.603,234543,0.0945,0.927,5,0.114,-19.221,1,0.0366,71.972,5,0.0727,Sentimental,6p711pj5pLIa6mVJrk2PAx,Sentimental,-2.0,0.0
321,36,Current Pop Hits: Instrumental Versions,The O'Neill Brothers Group,Acoustic,When I Was Your Man (Instrumental Version),0.846,0.569,210860,0.21100000000000002,0.8909999999999999,7,0.107,-13.589,1,0.0316,147.865,4,0.175,Melancholy,3zk7fxSrDMzWGtp5Mh7k2J,Melancholy,-2.0,-1.0
322,37,Current Pop Hits: Instrumental Versions,The O'Neill Brothers Group,Acoustic,Little Lion Man (Instrumental Version),0.501,0.532,211952,0.415,0.922,5,0.105,-14.672,1,0.0296,141.827,4,0.266,Gritty,3UUmzrGEeNZoffRWu7gKrJ,Gritty,-1.0,-2.0
323,38,Guitar Classics,The Man on Guitar,Acoustic,Californication - Acoustic Guitar Cover,0.927,0.642,206234,0.281,0.87,9,0.0952,-12.216,0,0.0569,171.88299999999998,4,0.275,Melancholy,31KYw8j2NCgeDaTWrlTm0D,Melancholy,-2.0,-1.0
324,39,Missile Bell {part 2 - the studio cd},Trace Bundy,Acoustic,Sweet Child O' Mine,0.792,0.657,264720,0.39899999999999997,0.9129999999999999,7,0.151,-11.974,1,0.0407,113.973,4,0.726,,1OyrFYSp3fnpXakgTz4yxw,,,
325,40,The Piano Guys,The Piano Guys,Acoustic,A Thousand Years,0.9890000000000001,0.23,275973,0.217,0.892,10,0.0844,-13.464,1,0.0386,157.084,3,0.156,Romantic,0E0xI4AgMNU7UkwBt3FCVN,Romantic,-1.0,1.0
326,41,Instrumental Versions of New Pop Hits,Instrumental Pop Players,Acoustic,I'm Yours,0.498,0.557,249130,0.441,0.797,11,0.141,-8.27,1,0.0393,154.115,4,0.37,,17ByZJPIM4RoKxeWbKtltD,,,
327,42,Westworld: Season 1 (Selections from the HBO® Series),Ramin Djawadi,Acoustic,Black Hole Sun,0.985,0.759,148760,0.253,0.887,5,0.11199999999999999,-15.709000000000001,0,0.0507,98.984,4,0.266,Stirring,7Ap7h823EAc1GBj6JKHBEK,Stirring,1.0,1.0
328,43,Acoustic Guitar Plays New Pop Music: She Will Be Loved,Acoustic Guitar Tribute Players,Acoustic,"Hey, Soul Sister",0.7609999999999999,0.654,216921,0.593,0.883,4,0.0843,-6.529,1,0.0482,97.006,4,0.483,Easygoing,0oqAf7pxrRFIj9hlebCRAQ,Easygoing,-1.0,2.0
329,44,Music,David Garrett,Acoustic,Cry Me A River,0.542,0.57,195784,0.486,0.588,8,0.11599999999999999,-9.283,0,0.0474,76.968,4,0.6559999999999999,Sophisticated,4qEPcXwif4thULut32oPqK,Sophisticated,-1.0,0.0
330,45,You Found Me - Instrumental Pop Songs,Instrumental Pop Songs,Acoustic,Use Somebody,0.887,0.75,232548,0.31,0.907,5,0.128,-12.534,1,0.0658,133.921,4,0.218,Empowering,6Ku0bY5NhoSq9kU1fYz8BH,Empowering,0.0,1.0
331,46,"On the Voice of Guitar, Vol. II",Ely Jaffe,Acoustic,Skyfall,0.522,0.531,205411,0.424,0.8909999999999999,0,0.158,-4.393,0,0.0303,76.072,4,0.0919,,31J06ok5AORJFFF3xDVste,,,
332,47,All Of Me,Alison Sparrow,Acoustic,All Of Me Violin Cover,0.904,0.491,281428,0.239,2.33e-05,8,0.0823,-13.648,1,0.0352,125.865,4,0.198,,2vcvckOg239y6j18Ei3JV0,,,
333,48,3/4 AD,Davy Graham,Acoustic,Angi,0.961,0.475,147067,0.0703,0.8909999999999999,0,0.13,-22.699,0,0.0465,153.597,4,0.49700000000000005,Gritty,2wxpgRChMOPsE9lebeEzMj,Gritty,-1.0,-2.0
334,49,Current Pop Hits: Instrumental Versions,The O'Neill Brothers Group,Acoustic,Stay (Instrumental Version),0.436,0.7959999999999999,215719,0.415,0.797,9,0.10800000000000001,-13.755,0,0.0508,120.999,4,0.5720000000000001,Sensual,7MfTO5QDPGGWD846Ar0Sva,Sensual,0.0,0.0
335,50,Spectrum (Say My Name) (Florence + The Machine Cover),Gavin Mikhail,Acoustic,The A Team (Angels To Fly) (Instrumental),0.986,0.5539999999999999,291424,0.312,0.927,8,0.11199999999999999,-16.227,1,0.0477,78.998,4,0.16899999999999998,Tender,5EufMaUYHnFgnNE3C2wLd0,Tender,-2.0,1.0
336,51,Rock Symphonies,David Garrett,Acoustic,Smells Like Teen Spirit,0.145,0.49,247600,0.87,0.9309999999999999,4,0.10300000000000001,-5.505,0,0.057999999999999996,116.01299999999999,4,0.184,Brooding,3FT92lQ7y5LzT2QOlhuwTg,Brooding,1.0,-2.0
337,52,All We Are Saying...,Bill Frisell,Acoustic,Beautiful Boy,0.17300000000000001,0.517,207987,0.493,0.541,2,0.107,-8.917,1,0.027999999999999997,120.882,4,0.366,Empowering,61gyeuR4ESBZqktbqsJhDt,Empowering,0.0,1.0
338,53,"Skinny Love (Birdy / Bon Iver Covers, Etc)",Gavin Mikhail,Acoustic,Skinny Love (Instrumental),0.983,0.7170000000000001,239940,0.0765,0.9329999999999999,11,0.141,-12.299000000000001,1,0.0651,132.076,4,0.107,Sentimental,4qJYasnpFJQSIQl555fs7p,Sentimental,-2.0,0.0
339,54,Finding My Way,Trevor Gordon Hall,Acoustic,Come Together,0.024,0.685,338560,0.608,0.838,4,0.0815,-7.36,1,0.0627,168.36700000000002,4,0.606,Urgent,0pMBUD69Fl5Yxa9X9oV3qc,Urgent,1.0,-1.0
340,55,Legs to Make us Longer,Kaki King,Acoustic,Neanderthal,0.87,0.237,268040,0.317,0.9390000000000001,6,0.11,-15.322000000000001,1,0.0391,111.31200000000001,4,0.204,Peaceful,6dLkbgtwhk5vzSLhbRlW8A,Peaceful,-2.0,2.0
341,56,More Beatles,Stephen Bennett,Acoustic,Across the Universe,0.9490000000000001,0.747,239960,0.16699999999999998,0.8240000000000001,1,0.10800000000000001,-16.378,1,0.0656,77.926,4,0.107,Peaceful,5JeB0aWdpAZr5fR2cgHc5w,Peaceful,-2.0,2.0
342,57,All We Are Saying...,Bill Frisell,Acoustic,In My Life,0.609,0.42700000000000005,245227,0.266,0.43799999999999994,9,0.0982,-12.725999999999999,1,0.0302,79.777,4,0.141,Peaceful,1Aod0worDm2ctoIbiLMmLp,Peaceful,-2.0,2.0
343,58,Beatles Acoustic Guitar Solos,Stephen Bennett,Acoustic,Hey Jude,0.904,0.252,207347,0.262,0.934,5,0.0902,-14.57,1,0.0362,182.482,4,0.499,Easygoing,220cgqZrOmpWb4QGLrwmTR,Easygoing,-1.0,2.0
344,59,Teenager's Guide To Classical Music,St. Martin's Symphony Of Los Angeles,Acoustic,You Found Me (made famous by The Fray ),0.9079999999999999,0.18100000000000002,241974,0.38299999999999995,0.929,8,0.125,-10.335,0,0.0334,75.994,4,0.24100000000000002,,0IPl0wpJXJTBFKgYnNxEFT,,,
345,60,Acoustic Guitar Hits: Selected Pop Pearls,Dieter Max,Acoustic,Blackbird (Arr. for Classical Guitar),0.9520000000000001,0.272,133659,0.18,0.912,7,0.115,-17.314,1,0.0368,101.115,4,0.289,Melancholy,3AvE9LrlIkqtH32RKm5DwE,Melancholy,-2.0,-1.0
346,61,Wonders,The Piano Guys,Acoustic,Let It Go,0.809,0.602,241840,0.667,0.892,8,0.109,-7.55,1,0.0317,140.03799999999998,4,0.489,Sentimental,1wpyVNJcutD5uYyjDreWaW,Sentimental,-2.0,0.0
347,62,All We Are Saying...,Bill Frisell,Acoustic,You've Got To Hide Your Love Away,0.45,0.294,310867,0.41600000000000004,0.439,7,0.115,-8.243,1,0.0274,76.472,3,0.20600000000000002,Brooding,5p1p8YYZXlMJAaYEQE2ZZx,Brooding,1.0,-2.0
348,63,Finding My Way,Trevor Gordon Hall,Acoustic,The Long and Winding Road,0.253,0.486,229027,0.359,0.413,4,0.166,-11.556,1,0.0337,134.214,4,0.24100000000000002,Melancholy,41XWMcA73Z3snk9XpzeskX,Melancholy,-2.0,-1.0
349,64,Teenager's Guide To Classical Music,St. Martin's Symphony Of Los Angeles,Acoustic,Love Story (made famous by Taylor Swift ),0.857,0.48,234500,0.396,0.9009999999999999,2,0.114,-8.567,1,0.0319,119.95,4,0.124,,1URUMa7E9Rzd96i7Z9rFRd,,,
350,65,I Will Wait,2Cellos,Acoustic,I Will Wait,0.235,0.363,247413,0.625,0.82,7,0.63,-7.518,1,0.0809,148.967,4,0.209,Romantic,2QYddNy8VSCk1mKP3eDN7H,Romantic,-1.0,1.0
351,0,Joytime,Marshmello,EDM,Show You,7.780000000000001e-05,0.507,177465,0.9690000000000001,0.935,10,0.17300000000000001,-3.6430000000000002,1,0.0395,142.006,4,0.242,Other,1KDX8TC34n6CNryBEEMclR,,,
352,1,Joytime,Marshmello,EDM,Find Me,0.00011999999999999999,0.557,180000,0.889,0.000225,0,0.325,-4.045,1,0.0499,142.015,4,0.17300000000000001,Other,6aWiGv6hPG0o3ri7QHNs8t,,,
353,2,Joytime,Marshmello,EDM,Know Me,0.00635,0.664,206197,0.8440000000000001,0.00285,5,0.542,-5.012,0,0.0405,142.056,4,0.557,Cool,1aS1uzcAC14lduwuNJZjqE,Cool,-1.0,-1.0
354,3,Joytime,Omar LinX,EDM,Keep It Mello (feat. Omar LinX),0.00134,0.6859999999999999,243380,0.888,0.0006889999999999999,1,0.0736,-3.3480000000000003,1,0.0857,142.015,4,0.10800000000000001,Aggressive,0Q3SC6kEhxYagDP3bFe5K9,Aggressive,2.0,-2.0
355,4,SOS,stereoGO,EDM,SOS,0.0045,0.7040000000000001,191000,0.9329999999999999,6.36e-06,6,0.113,-4.186,0,0.14400000000000002,149.924,4,0.447,Sensual,4WCNiW7DJFE6h94q5NPZmZ,Sensual,0.0,0.0
356,5,Be Right There,Diplo,EDM,Be Right There,0.00259,0.695,237051,0.797,0.11199999999999999,7,0.664,-5.199,1,0.0548,124.97200000000001,4,0.297,Energizing,59ZSmCCe6Ao1qtptCqX9Tk,Energizing,2.0,0.0
357,6,Blood For Mercy,Yellow Claw,EDM,In My Room (feat. Ty Dolla $ign & Tyga),0.00193,0.745,168641,0.8690000000000001,0.0,6,0.0799,-4.375,1,0.0444,104.015,4,0.8140000000000001,Romantic,1xQv4unOladJFtLUOy2eb7,Romantic,-1.0,1.0
358,7,Worlds Apart,Seven Lions,EDM,Strangers,0.0134,0.5770000000000001,204213,0.691,3.43e-06,0,0.124,-7.437,0,0.0393,129.984,4,0.507,Excited,2U0pVx4m1Kdm1Gsjjm6iq8,Excited,2.0,2.0
359,9,Until You Were Gone,The Chainsmokers,EDM,Until You Were Gone,0.0541,0.5770000000000001,215625,0.698,0.0,1,0.131,-4.773,1,0.0451,128.061,4,0.324,Excited,12MqM3S0fTvR6X4Jt1Xvn6,Excited,2.0,2.0
360,10,Daydreams,Audien,EDM,Something Better,0.0616,0.561,212619,0.8370000000000001,0.0,2,0.254,-2.563,1,0.0661,126.012,4,0.445,Urgent,33lXq3csEWwYNn6x0sM3Et,Urgent,1.0,-1.0
361,11,Untouchable,Tritonal,EDM,Untouchable,0.0664,0.542,228837,0.795,2.89e-06,7,0.313,-3.1310000000000002,1,0.0379,128.959,4,0.251,Urgent,05dL7chWJaVjMJnGO1YCKk,Urgent,1.0,-1.0
362,12,Leaving You,Audien,EDM,Leaving You,0.0214,0.638,212427,0.74,1.2e-06,9,0.142,-4.928,0,0.0579,128.045,4,0.45399999999999996,Energizing,22qUyTlEvJf6DAlyQjMADe,Energizing,2.0,0.0
363,13,In Return,ODESZA,EDM,All We Need (feat. Shy Girls),0.0041600000000000005,0.644,211200,0.848,0.0168,4,0.0629,-4.952,0,0.0511,99.98899999999999,4,0.28300000000000003,Sensual,5jnp8E61wcoF6qIEtDHQnJ,Sensual,0.0,0.0
364,14,Firestone,Kygo,EDM,Firestone,0.408,0.486,273684,0.652,6.63e-05,11,0.077,-7.226,0,0.052000000000000005,113.055,4,0.391,Sophisticated,2sNvitW3TxiTeC9xT9f2ZZ,Sophisticated,-1.0,0.0
365,15,In Return,ODESZA,EDM,Say My Name (feat. Zyra),0.0041,0.7490000000000001,262957,0.745,0.395,6,0.0748,-7.367000000000001,0,0.0479,115.04799999999999,4,0.34700000000000003,Energizing,1LeItUMezKA1HdCHxYICed,Energizing,2.0,0.0
366,16,Let You Go (Radio Edit),The Chainsmokers,EDM,Let You Go - Radio Edit,0.276,0.59,218973,0.887,0.0,5,0.0798,-2.8510000000000004,1,0.0928,126.029,4,0.258,Energizing,2Mh0jU5IyRTQfpyMnvki5Z,Energizing,2.0,0.0
367,17,Blame (Remixes),Calvin Harris,EDM,Blame - R3HAB Trap Remix,0.0293,0.614,212093,0.9109999999999999,0.00048600000000000005,0,0.135,-4.102,0,0.0443,141.941,4,0.175,,0wRaAh1Km76Blq4qMJjjvN,,,
368,18,Pharmacy,Galantis,EDM,Runaway (U & I),0.007109999999999999,0.506,227074,0.805,0.00193,1,0.0856,-4.119,1,0.0469,126.008,4,0.38299999999999995,Sensual,46lFttIf5hnUZMGvjK0Wxo,Sensual,0.0,0.0
369,19,Often (Kygo Remix),The Weeknd,EDM,Often - Kygo Remix,0.128,0.583,234400,0.484,0.0,7,0.39,-9.863999999999999,0,0.043,80.015,4,0.41200000000000003,Sensual,27NV2KxoQ8WuLMqlTDI61F,Sensual,0.0,0.0
370,20,Middle,DJ Snake,EDM,Middle,0.0175,0.564,220573,0.737,0.0,9,0.054000000000000006,-4.079,1,0.0414,104.764,4,0.21100000000000002,Excited,2bKhIGdMdcqCqQ2ZhSv5nE,Excited,2.0,2.0
371,21,Till It Hurts,Yellow Claw,EDM,Till It Hurts,0.000654,0.55,188680,0.893,0.00024700000000000004,8,0.158,-4.048,1,0.0314,144.982,4,0.278,,6hJSH3jS9jG6khVclppBJw,,,
372,22,Shotgun,Yellow Claw,EDM,Shotgun,0.0129,0.664,193893,0.907,0.17600000000000002,4,0.26,-3.213,0,0.0328,144.95600000000002,4,0.226,,2LGfcxG9LcDOxnltIPE1Zq,,,
373,23,Smoke Filled Room,Mako,EDM,Smoke Filled Room,0.024,0.574,195503,0.731,0.0,11,0.0779,-4.582,1,0.0664,127.925,4,0.402,,4f13AaRyukUTWleyKXaRDh,,,
374,24,Skrillex and Diplo present Jack Ü,Jack Ü,EDM,Take Ü There (feat. Kiesza),0.0523,0.542,210000,0.879,0.0,6,0.171,-1.4269999999999998,0,0.0921,159.888,4,0.11800000000000001,,2RpKh7kXSdO8NLrW9VQ46p,,,
375,25,This Mixtape is Fire.,Dillon Francis,EDM,Coming Over (feat. James Hersey),0.22699999999999998,0.631,178333,0.6609999999999999,1.43e-06,5,0.166,-5.5,0,0.0999,174.03099999999998,4,0.698,,6m3ZWIXhjoV76syT1j2oE9,,,
376,26,Candyman,Zedd,EDM,Candyman,0.0232,0.573,178920,0.875,0.0,2,0.35600000000000004,-4.0569999999999995,0,0.0523,149.974,4,0.235,Sensual,0NWQTyapmz4GuDTSN9xTB7,Sensual,0.0,0.0
377,27,Metamorphic III,Tritonal,EDM,Anchor,0.007679999999999999,0.536,216923,0.8320000000000001,0.0,8,0.054000000000000006,-3.762,1,0.040999999999999995,130.069,4,0.175,,69mlHIPayAZVzC32RaVty5,,,
378,28,The Enhanced Collection 2013 - Part 4,Tritonal,EDM,Now Or Never - Radio Edit,0.10800000000000001,0.527,251250,0.809,0.00983,6,0.10400000000000001,-4.037,0,0.0418,127.925,4,0.309,,5cr2MqXUs0TGaDByQnKVnX,,,
379,29,Running Out,Matoma,EDM,Running Out,0.0856,0.601,211200,0.682,0.0038399999999999997,10,0.132,-5.905,1,0.0338,94.999,4,0.17,Yearning,2H8LPaY3NSjmOFMH2Rygnz,Yearning,0.0,-1.0
380,30,Catch Me (feat. Naaz),Flux Pavilion,EDM,Catch Me (feat. Naaz),0.0362,0.56,162383,0.9159999999999999,0.0009630000000000001,7,0.102,-3.3280000000000003,0,0.0661,144.933,4,0.585,,2aLIBIlebwNpljSxFczUcL,,,
381,31,Stay,Kygo,EDM,Stay,0.0444,0.648,239465,0.736,0.00013700000000000002,8,0.171,-7.9479999999999995,1,0.0385,103.027,4,0.37799999999999995,Yearning,7gBj0VgcuAgkXkiRRYvSmK,Yearning,0.0,-1.0
382,32,Inside Out,The Chainsmokers,EDM,Inside Out,0.0030800000000000003,0.545,233773,0.65,7.98e-06,7,0.122,-5.853,0,0.0315,143.937,4,0.121,Romantic,7sG2bWi2eDtvX9vX8yC1Gn,Romantic,-1.0,1.0
383,33,I Wanna Know,Alesso,EDM,I Wanna Know,0.0755,0.6509999999999999,240413,0.823,0.0,2,0.0939,-3.6319999999999997,1,0.0325,115.946,4,0.505,Yearning,2kYqdSlrtovVMMIn6ykzba,Yearning,0.0,-1.0
384,34,Blackout,Tritonal,EDM,Blackout,0.233,0.529,211690,0.7390000000000001,0.0008150000000000001,7,0.11199999999999999,-2.62,0,0.0301,141.889,4,0.183,Excited,2qJLp4SATqV1OP5IDN7SMl,Excited,2.0,2.0
385,35,Automatic,Kaskade,EDM,Us,0.00896,0.643,195333,0.87,3.66e-05,11,0.0584,-5.035,1,0.0567,124.961,4,0.193,Aggressive,6RXdg3NwyLU5pHUwkZq6VA,Aggressive,2.0,-2.0
386,36,Automatic,Kaskade,EDM,Disarm You (feat. Ilsey),0.0434,0.446,221133,0.7929999999999999,4.14e-05,5,0.159,-3.912,0,0.0556,127.79899999999999,4,0.313,Urgent,3xQjivjUZ4KnUslduTEYKC,Urgent,1.0,-1.0
387,37,SummerThing!,Afrojack,EDM,SummerThing!,0.0566,0.7070000000000001,235344,0.77,0.0,0,0.294,-5.45,1,0.0749,130.053,4,0.762,Cool,1KcnJTiXJXAqW5bB7zpkBC,Cool,-1.0,-1.0
388,38,Native,OneRepublic,EDM,If I Lose Myself - Alesso vs OneRepublic,0.212,0.517,214813,0.7909999999999999,1.9399999999999997e-05,2,0.126,-4.829,1,0.0411,126.016,4,0.128,Excited,1hZk9dktp4yRFTm0TrycuH,Excited,2.0,2.0
389,39,"Money Sucks, Friends Rule",Dillon Francis,EDM,Get Low,0.0282,0.674,212773,0.932,0.71,11,0.684,-4.4239999999999995,0,0.0859,101.03299999999999,4,0.728,Aggressive,3oZoXyU0SkDldgS7AcN4y4,Aggressive,2.0,-2.0
390,40,"Devil (feat. Busta Rhymes, B.o.B & Neon Hitch)",Cash Cash,EDM,"Devil (feat. Busta Rhymes, B.o.B & Neon Hitch)",0.055,0.613,210307,0.765,0.0,9,0.205,-2.9739999999999998,0,0.0568,144.893,4,0.335,Excited,4bciEWCPPeR2UiVloDyUc5,Excited,2.0,2.0
391,41,You Know You Like It,DJ Snake,EDM,You Know You Like It,0.0113,0.426,247267,0.722,1.27e-06,5,0.262,-5.369,0,0.196,196.13299999999998,4,0.25,Sensual,57kR5SniQIbsbVoIjjOUDa,Sensual,0.0,0.0
392,42,Prologue (Remixes),Life of Dillon,EDM,Overload - The Chainsmokers Remix,0.00406,0.72,197016,0.5870000000000001,0.000178,8,0.109,-6.457999999999999,1,0.0318,130.018,4,0.313,Brooding,18KDpXD6e2UGRA5ORND1CU,Brooding,1.0,-2.0
393,43,Dollhouse (The Remixes),Melanie Martinez,EDM,Dollhouse - Jai Wolf Remix,0.375,0.6509999999999999,248527,0.45299999999999996,2.34e-06,0,0.34700000000000003,-9.595,0,0.0271,140.003,4,0.39,Energizing,3uRZdsfjv6aWD7OV6VQPz6,Energizing,2.0,0.0
394,44,Lean On,Major Lazer,EDM,Lean On,0.00339,0.713,176561,0.79,0.000868,7,0.485,-4.602,0,0.0574,98.01100000000001,4,0.308,Cool,4KcVVhAaHxqtX2ANt4b3tc,Cool,-1.0,-1.0
395,45,Forever,Alesso,EDM,Sweet Escape,0.0876,0.5710000000000001,232533,0.846,0.0,2,0.195,-3.8,1,0.0416,126.04799999999999,4,0.512,Excited,6vPJvkEuWZPcv58NnQ3dBR,Excited,2.0,2.0
396,46,What If I Go?,Mura Masa,EDM,What If I Go?,0.375,0.48700000000000004,200550,0.623,0.0,7,0.308,-7.388,1,0.46399999999999997,200.155,4,0.894,Cool,3LjEaWzh33DiR8MtrVbJnI,Cool,-1.0,-1.0
397,47,Someday Somewhere,Mura Masa,EDM,Firefly,0.415,0.7929999999999999,228000,0.449,2.02e-06,10,0.0642,-9.243,1,0.136,109.98200000000001,4,0.46,Sensual,79nopNMm3rJSUfQfMkG0Ur,Sensual,0.0,0.0
398,48,Is It Love,3LAU,EDM,Is It Love,0.0671,0.643,228960,0.742,0.00379,9,0.161,-7.2,1,0.0412,125.001,4,0.294,,2ig0x2zNvcOugS1Z0YCnHb,,,
399,49,Roses,The Chainsmokers,EDM,Roses,0.0435,0.713,226739,0.802,0.0037700000000000003,4,0.309,-7.055,1,0.0561,100.001,4,0.34299999999999997,Sensual,3vv9phIu6Y1vX3jcqaGz5Z,Sensual,0.0,0.0
400,50,Our Story (Radio Edit),Mako,EDM,Our Story - Radio Edit,0.172,0.513,208125,0.6890000000000001,0.0,8,0.248,-3.548,1,0.0359,128.097,4,0.41,Excited,4nP6jRqPZjFGDfBZpwxwh2,Excited,2.0,2.0
401,51,All Time Low,Jon Bellion,EDM,All Time Low,0.402,0.66,221333,0.37799999999999995,0.0,0,0.0838,-9.728,1,0.27,90.056,4,0.516,Sensual,5wQRNkb7OhzJoT1P0OZ4Rw,Sensual,0.0,0.0
402,52,Into The Sunset,Mako,EDM,Into The Sunset,0.47600000000000003,0.435,207581,0.726,0.0,10,0.266,-6.153,1,0.13699999999999998,123.93799999999999,4,0.609,Yearning,02E0dSRldGrrrJyTY7O4uA,Yearning,0.0,-1.0
403,53,Is It Love (Remixed),3LAU,EDM,Is It Love - Arty Remix,0.0037,0.45399999999999996,202510,0.846,0.0,1,0.105,-4.577,0,0.0764,128.064,4,0.21600000000000003,,1qJhb6zftFI5PT39nL84vw,,,
404,54,Tesla,Flux Pavilion,EDM,Emotional,0.0027199999999999998,0.493,235276,0.865,0.276,11,0.107,-4.672,0,0.0609,150.003,4,0.43,Sensual,4yNoaxUJjnP50AXYoAZx4S,Sensual,0.0,0.0
405,55,Blow The Roof,Flux Pavilion,EDM,Do Or Die (feat. Childish Gambino),0.000242,0.624,245091,0.83,1.4000000000000001e-05,11,0.306,-5.018,0,0.121,145.14600000000002,4,0.43200000000000005,,2BTPW7osibjN9gFDRY4mYN,,,
406,56,I Can't Stop,Flux Pavilion,EDM,I Can't Stop,0.00108,0.524,305786,0.601,0.601,0,0.39799999999999996,-13.399000000000001,0,0.0335,139.972,4,0.314,Urgent,5WSL7UTa38jMWoBzObD4BD,Urgent,1.0,-1.0
407,57,How To Love (feat. Sofia Reyes),Cash Cash,EDM,How To Love (feat. Sofia Reyes),0.14800000000000002,0.6729999999999999,219240,0.894,3.4e-06,0,0.141,-2.73,1,0.0594,118.89399999999999,4,0.63,Brooding,2VYiQ9ijG3NER2aevaxzDi,Brooding,1.0,-2.0
408,59,This Is Love,Tritonal,EDM,This Is Love,0.0837,0.466,218906,0.7859999999999999,2.8999999999999998e-06,4,0.563,-3.387,0,0.057999999999999996,127.838,4,0.35700000000000004,Aggressive,1ToVEMXEqUKg8dTURvVZy8,Aggressive,2.0,-2.0
409,60,This Is What You Came For (Remixes),Calvin Harris,EDM,This Is What You Came For - Dillon Francis Remix,0.0137,0.6809999999999999,223000,0.915,0.000602,9,0.127,-2.862,0,0.0476,139.97799999999998,4,0.474,Sensual,1GJLqaSf3YAHzHlnrFjeCS,Sensual,0.0,0.0
410,61,Pharmacy,Galantis,EDM,In My Head,0.006220000000000001,0.5479999999999999,221066,0.895,0.0184,0,0.10800000000000001,-2.7939999999999996,1,0.0392,127.829,4,0.616,Excited,1PBk2knn4anq0vaS5KGDG2,Excited,2.0,2.0
411,62,Pharmacy,Galantis,EDM,You,0.00837,0.184,221286,0.871,0.16699999999999998,8,0.15,-3.245,0,0.0661,127.97200000000001,4,0.21,Yearning,7gUg4GdOA6Y6yRDe36GIjK,Yearning,0.0,-1.0
412,63,All I Wanna Do,Martin Jensen,EDM,All I Wanna Do,0.14800000000000002,0.728,194360,0.794,0.0,1,0.0688,-3.992,1,0.0635,112.071,4,0.523,Yearning,0BiGd2FNDQ0eh79ZHfp6tS,Yearning,0.0,-1.0
413,64,Alone,Marshmello,EDM,Alone,0.0244,0.636,273803,0.953,0.0164,2,0.10800000000000001,-3.74,1,0.0353,142.011,4,0.397,,12mGwph2YzDIlChtq3EdXP,,,
414,65,Kitsuné: Weekend,Mocki,EDM,Weekend - Jai Wolf Remix,0.27899999999999997,0.75,249161,0.664,4.01e-05,0,0.11,-7.771,1,0.0458,140.055,4,0.595,Cool,56uve6ghEMpAuEF5QTlTs2,Cool,-1.0,-1.0
415,66,EP1,Duke Dumont,EDM,I Got U,0.0036899999999999997,0.647,285596,0.762,0.006409999999999999,0,0.0884,-7.765,1,0.0363,120.83200000000001,4,0.451,Brooding,69gQgkobVW8bWjoCjBYQUd,Brooding,1.0,-2.0
416,67,You (The Remixes),Lost Kings,EDM,You - Evan Berg Remix Edit,0.0298,0.5760000000000001,220167,0.7909999999999999,0.000124,9,0.0786,-3.3760000000000003,1,0.0461,90.05,4,0.28600000000000003,Excited,4wxalzIz8Xl8gIYgQfxs4y,Excited,2.0,2.0
417,68,The Wave (feat. Madcon),Matoma,EDM,The Wave (feat. Madcon),0.0171,0.684,178000,0.602,0.0,10,0.113,-7.685,1,0.11900000000000001,99.946,4,0.209,Energizing,2aE5Nih0DGEVWhA9BVsiua,Energizing,2.0,0.0
418,69,How You Love Me,3LAU,EDM,How You Love Me,0.182,0.513,210469,0.8029999999999999,0.0,1,0.34,-3.635,1,0.0817,127.927,4,0.292,Energizing,1nas007nDbzLwDGwvMdz79,Energizing,2.0,0.0
419,70,Feels (Jai Wolf Remix),Kiiara,EDM,Feels - Jai Wolf Remix,0.46299999999999997,0.556,270222,0.762,0.0,1,0.0957,-1.9609999999999999,0,0.0299,135.013,4,0.225,Sensual,57rOXabUKgkrwHPSqzo4s5,Sensual,0.0,0.0
420,71,"Money Sucks, Friends Rule",Dillon Francis,EDM,When We Were Young,0.0009480000000000001,0.588,199640,0.8420000000000001,1.51e-06,1,0.313,-4.303999999999999,1,0.0451,128.032,4,0.46,Excited,1M9VOufdrCQS1SrsfbjznO,Excited,2.0,2.0
421,73,Cold Water,Major Lazer,EDM,Cold Water,0.055,0.602,185360,0.797,0.0,6,0.187,-5.084,0,0.0534,92.928,4,0.49200000000000005,Cool,7zsXy7vlHdItvUSH8EwQss,Cool,-1.0,-1.0
422,74,Peace Is The Mission (Extended),Major Lazer,EDM,Light It Up (feat. Nyla & Fuse ODG) [Remix],0.0375,0.747,166138,0.877,0.000833,9,0.233,-3.782,0,0.0664,107.991,4,0.752,Energizing,40MkEbKzuSW9ET6HBngqnK,Energizing,2.0,0.0
423,75,Peace Is The Mission,Major Lazer,EDM,Lean On (feat. MØ & DJ Snake),0.00346,0.723,176561,0.809,0.00123,7,0.565,-3.0810000000000004,0,0.0625,98.007,4,0.27399999999999997,Excited,4vS8VaBwJJV5Ry7UFIQuoo,Excited,2.0,2.0
424,76,Encore,DJ Snake,EDM,Let Me Love You,0.0771,0.652,205947,0.713,1.0199999999999999e-05,8,0.14400000000000002,-5.311,1,0.0368,100.023,4,0.152,Fiery,0lYBSQXN6rCTvUZvg9S0lU,Fiery,1.0,0.0
425,77,Encore,DJ Snake,EDM,The Half,0.0113,0.705,217373,0.705,0.0,11,0.643,-3.3930000000000002,1,0.12,170.03099999999998,4,0.445,Cool,69bDRy5MeWQl1lNeEJQIBE,Cool,-1.0,-1.0
426,78,Powerful (Remixes),Major Lazer,EDM,Powerful,0.133,0.402,206920,0.794,0.0,11,0.133,-3.9819999999999998,0,0.125,195.058,3,0.7020000000000001,Energizing,37jalmkAdkohJQj98FGU7r,Energizing,2.0,0.0
427,79,Peace Is The Mission (Extended),Major Lazer,EDM,"Boom (feat. MOTi, Ty Dolla $ign, Wizkid, & Kranium)",0.00283,0.7040000000000001,186448,0.784,0.0,7,0.419,-4.463,0,0.142,100.083,4,0.6559999999999999,Energizing,56pOVpGoStk1PQpLGIyKmP,Energizing,2.0,0.0
428,80,Peace Is The Mission,Major Lazer,EDM,"Night Riders (feat. Travis Scott, 2 Chainz, Pusha T & Mad Cobra)",0.0761,0.63,233333,0.888,1.94e-06,11,0.26,-2.388,0,0.0995,141.019,4,0.561,Excited,2SKwCzTG3flzBqYQhGWj8J,Excited,2.0,2.0
429,81,Don't Let Me Down (Remixes),The Chainsmokers,EDM,Don't Let Me Down - Illenium Remix,0.0751,0.428,218933,0.6559999999999999,0.18100000000000002,11,0.15,-3.7119999999999997,1,0.075,79.648,4,0.355,Empowering,1yNbAK2NOZkJO0M1E7KpL6,Empowering,0.0,1.0
430,82,Complementary Colors,Halsey,EDM,Colors - Audien Remix,0.0622,0.631,270222,0.8859999999999999,5.5100000000000004e-05,1,0.098,-2.016,1,0.11699999999999999,135.032,4,0.672,Sensual,3WtCu35qpzGCLIGa8pczdu,Sensual,0.0,0.0
431,83,Whole Lotta Lovin',Mustard,EDM,Whole Lotta Lovin',0.154,0.43799999999999994,299160,0.39899999999999997,8.45e-06,4,0.0646,-8.752,0,0.0623,160.159,5,0.405,Easygoing,01gNiOqg8u7vT90uVgOVmz,Easygoing,-1.0,2.0
432,84,Insomnia,Audien,EDM,Insomnia,0.131,0.621,214230,0.843,0.0,6,0.14300000000000002,-1.55,1,0.0925,127.991,4,0.528,Sensual,2f4aFQQtbJ5EciN4pCC63S,Sensual,0.0,0.0
433,85,Forever,Alesso,EDM,Cool,0.0339,0.525,221399,0.857,0.0,6,0.44299999999999995,-2.4130000000000003,0,0.0324,128.016,4,0.515,Yearning,7vhOZ7D4z03Y0tYkxFAG15,Yearning,0.0,-1.0
434,86,Don't Look Down,Martin Garrix,EDM,Don't Look Down,0.00406,0.575,223140,0.831,0.000449,0,0.111,-5.972,1,0.0356,127.991,4,0.377,Excited,5M9jOReAKGZ2AttVefFjTY,Excited,2.0,2.0
435,87,Major Key,DJ Khaled,EDM,Do You Mind,0.0173,0.41200000000000003,325615,0.5479999999999999,0.0,10,0.18100000000000002,-6.981,1,0.243,81.293,4,0.17600000000000002,Sensual,4VJ7mnW4wjjIgPBM6KWvPu,Sensual,0.0,0.0
436,88,Skrillex and Diplo present Jack Ü,Jack Ü,EDM,Where Are Ü Now (with Justin Bieber),0.040999999999999995,0.43200000000000005,250286,0.7809999999999999,4.21e-06,4,0.0789,-4.038,0,0.0567,139.43200000000002,4,0.19699999999999998,Upbeat,66hayvUbTotekKU3H4ta1f,Upbeat,0.0,2.0
437,89,Skrillex and Diplo present Jack Ü,Jack Ü,EDM,To Ü (feat. AlunaGeorge),0.134,0.485,237000,0.9279999999999999,2.9199999999999998e-05,10,0.217,-3.451,0,0.445,160.165,4,0.348,,3UgSQu6WwrXfKKDq019IHE,,,
438,90,Shelter,Porter Robinson,EDM,Shelter,0.00293,0.276,218965,0.7959999999999999,0.0,0,0.184,-4.499,1,0.0579,199.52599999999998,4,0.26,,3ISYGHoYnu4gos6JNMfL4z,,,
439,91,Joytime,Marshmello,EDM,Summer,0.00695,0.583,233239,0.748,0.0241,6,0.22,-4.798,1,0.0292,142.029,4,0.254,Other,1Hk0QRlUFCHYG6zIvUh0Xd,,,
440,92,Weight in Gold (The Remixes),Gallant,EDM,Weight in Gold - Ekali Remix,0.307,0.45799999999999996,199714,0.579,0.0,2,0.159,-4.513,0,0.218,131.917,4,0.195,,4mRpWePw7B8ePqfP7aMD7S,,,
441,93,All We Know,The Chainsmokers,EDM,All We Know,0.09699999999999999,0.662,194080,0.586,0.0027199999999999998,0,0.115,-8.821,1,0.0307,90.0,4,0.29600000000000004,Yearning,2rizacJSyD9S1IQUxUxnsK,Yearning,0.0,-1.0
442,94,Ashes,Sound Remedy,EDM,Spirals (feat. King Deco),0.0194,0.22899999999999998,361500,0.557,1.7e-06,1,0.185,-5.507000000000001,1,0.0363,135.029,4,0.0564,Excited,6XtSFFAy65MocQiaHMj2bp,Excited,2.0,2.0
443,95,My Way,Calvin Harris,EDM,My Way,0.0935,0.8190000000000001,219160,0.9129999999999999,3.72e-05,4,0.161,-3.0589999999999997,0,0.0427,119.98899999999999,4,0.536,Fiery,1vvNmPOiUuyCbgWmtc6yfm,Fiery,1.0,0.0
444,96,Adventure (Deluxe),Madeon,EDM,You're On,0.0227,0.49,192720,0.914,0.0,10,0.7929999999999999,-3.202,1,0.16699999999999998,100.1,4,0.24100000000000002,Excited,4PTPZeJlK1rYlYr6bf11hk,Excited,2.0,2.0
445,97,Adventure (Deluxe),Madeon,EDM,Pay No Mind,0.00592,0.546,249440,0.852,0.0,1,0.159,-2.445,1,0.102,112.18299999999999,4,0.5579999999999999,Excited,3rsq3qtqNBId48c0IVraTS,Excited,2.0,2.0
446,98,"Blood, Sweat & 3 Years",Cash Cash,EDM,Hero (feat. Christina Perri),0.0627,0.47,197840,0.85,0.0,1,0.11800000000000001,-2.825,0,0.0363,149.876,4,0.14800000000000002,,0jPU39bL0SrCmYc1RwbFkX,,,
447,99,Broken,Tritonal,EDM,Broken,0.00836,0.591,207273,0.652,1.5e-06,7,0.222,-7.347,1,0.0339,110.006,4,0.231,Brooding,3NpncOG0HgkKbMAF8DTCma,Brooding,1.0,-2.0
